molecular_weight,num_rings,num_het_rings,num_atoms,num_het_atoms,fraction_CSP3,num_hba,num_hbd,num_rotatable_bonds,num_amide_bonds,logP,TPSA,pIC50
431.58,4,2,65,5,0.407407407,4,2,5,1,5.04482,77.24,9.1549015
657.823,4,2,98,11,0.583333333,5,4,16,3,2.6386,124.58,8.8538723
591.754,5,2,81,10,0.34375,6,3,11,1,2.4575,117.48,8.6989698
591.688,3,1,79,12,0.571428571,6,3,10,0,3.1318,115.46,8.6989698
629.725,5,2,80,12,0.34375,5,3,10,1,3.4677,108.25,8.6989698
585.606,3,1,71,13,0.538461538,4,3,7,0,3.9915,89.16,8.6989698
645.793,3,1,88,12,0.424242424,6,4,18,2,2.4776,142.07,8.6989698
477.563,5,3,62,6,0.166666667,4,2,4,0,2.84052,74.88,8.6126099
556.727,6,3,83,7,0.470588235,5,3,5,1,3.4589,97.17,8.6020603
562.819,4,1,93,6,0.6,3,3,12,2,4.5593,86.25,8.6020603
594.723,4,1,85,9,0.411764706,4,3,13,2,4.02072,95.48,8.5228786
621.749,4,1,88,10,0.4,4,3,13,3,3.21182,106.56,8.5228786
619.73,4,1,81,12,0.387096774,5,4,12,1,3.5328,115.35,8.5228786
650.866,4,0,94,11,0.428571429,6,5,15,2,3.3189,144.45,8.5228786
561.662,3,1,75,11,0.555555556,5,3,9,0,3.0756,98.39,8.3979397
582.712,3,0,84,9,0.393939394,4,3,15,2,4.00962,95.48,8.3979397
608.75,4,1,88,9,0.428571429,4,3,14,2,4.15852,95.48,8.3010302
678.582,3,0,80,9,0.375,3,3,14,2,4.60562,86.25,8.3010302
607.722,4,1,85,10,0.382352941,4,3,13,3,3.16932,106.56,8.3010302
657.804,4,1,89,12,0.411764706,5,3,13,2,2.87392,123.63,8.3010302
484.636,4,2,74,7,0.571428571,4,3,8,1,3.2273,88.06,8.3010302
643.849,4,1,98,9,0.447368421,5,4,17,3,3.0017,124.58,8.3010302
593.814,5,3,87,9,0.545454545,7,3,11,1,4.2267,110.18,8.2596369
849.998,4,0,113,16,0.363636364,8,5,20,4,5.0111,183.24,8.1804562
560.706,3,1,84,9,0.548387097,4,3,13,2,3.36832,95.48,8.1549015
654.829,3,0,91,12,0.382352941,5,4,15,3,2.7777,141.29,8.0969095
473.042,4,3,61,8,0.458333333,5,3,7,0,1.896,94.81,8.0969095
402.454,5,3,52,7,0.260869565,7,1,4,0,3.8726,91.85,8.0969095
661.814,5,2,95,10,0.447368421,4,4,13,3,3.196,115.35,8.0969095
459.676,3,2,71,6,0.576923077,4,3,8,1,3.6106,75.17,8.0705814
684.965,1,0,109,13,0.823529412,8,6,21,5,1.2931,187.38,8
508.734,3,2,72,10,0.583333333,6,3,13,1,2.7486,119.04,7.9586072
611.71,3,0,85,11,0.363636364,5,4,16,3,2.8001,138.57,7.9586072
443.635,4,1,70,4,0.448275862,3,2,8,1,6.44772,68.01,7.9586072
552.652,4,1,70,11,0.25,6,2,9,1,3.4623,133.04,7.9208188
386.479,4,2,53,6,0.217391304,5,2,4,0,1.88244,87.36,7.9208188
511.637,4,1,74,8,0.448275862,3,4,8,1,3.0413,94.62,7.9208188
421.354,3,2,45,11,0.263157895,6,2,3,1,3.22578,113.39,7.9208188
564.751,4,1,87,9,0.53125,5,5,13,3,2.348,127.38,7.8860564
439.344,3,2,45,12,0.263157895,6,2,3,1,3.17378,113.39,7.8860564
596.783,3,1,91,8,0.485714286,3,3,14,2,5.10182,86.25,7.8538718
433.405,3,1,50,9,0.272727273,4,1,6,1,3.5586,67.92,7.8538718
579.743,4,0,80,10,0.35483871,5,4,13,2,2.0012,132.42,7.8239088
607.797,4,0,86,10,0.393939394,5,4,13,2,2.8871,132.42,7.8239088
554.708,5,3,84,9,0.612903226,7,3,10,1,2.8319,115.75,7.7746906
572.77,5,1,88,7,0.457142857,5,4,8,1,4.4956,96.43,7.7695513
491.696,5,2,79,5,0.580645161,3,3,5,1,4.1537,75.17,7.7695513
618.705,4,1,83,11,0.323529412,6,3,13,2,3.96538,124.2,7.7447276
439.344,3,2,45,12,0.263157895,6,2,4,1,3.17538,113.39,7.7212462
581.759,4,1,82,10,0.387096774,6,4,12,1,2.3048,124.58,7.7212462
445.376,4,2,47,11,0.142857143,6,1,4,1,3.2116,93.7,7.6989698
378.382,4,2,44,7,0.095238095,4,1,3,1,3.0571,71.58,7.6989698
557.715,5,2,82,8,0.393939394,5,3,12,2,3.686,100.41,7.6382723
389.337,3,2,42,10,0.222222222,6,2,3,1,2.54008,113.39,7.6382723
369.852,4,2,46,6,0.3,4,1,1,1,3.5501,67.92,7.6197886
608.785,5,2,85,11,0.40625,7,3,11,1,1.5867,119.03,7.5850267
535.777,5,2,88,7,0.71875,3,3,11,3,6.31677,88.53,7.5686364
530.648,5,1,72,6,0.205882353,4,2,2,1,4.92908,106.83,7.5686364
542.653,3,0,71,10,0.285714286,5,2,10,1,2.999,120.42,7.5686364
488.737,2,1,85,6,0.724137931,3,3,6,2,3.7266,86.25,7.5686364
371.347,3,2,42,9,0.222222222,6,2,3,1,2.24288,113.39,7.5528421
400.486,4,3,54,7,0.260869565,6,1,5,1,2.6937,97.36,7.5228786
537.769,3,1,88,7,0.5625,4,4,15,2,4.1155,98.28,7.4814858
505.723,5,2,82,5,0.59375,3,3,5,1,4.5438,75.17,7.4436975
879.892,4,0,105,20,0.285714286,12,5,19,4,1.2865,263.5,7.4317985
641.743,1,0,94,16,0.75862069,10,7,19,5,-4.8093,287.62,7.4089355
569.648,4,1,77,10,0.35483871,4,4,12,2,3.7296,98.28,7.3979402
386.455,4,2,51,6,0.173913043,5,1,4,1,3.09592,80.81,7.3979402
439.344,3,2,45,12,0.263157895,6,2,3,1,3.17378,113.39,7.3979402
452.46,5,3,54,9,0.208333333,5,2,4,0,1.8982,77.71,7.3899999
441.64,3,1,73,6,0.615384615,4,3,8,1,2.6144,83.76,7.3565474
457.321,3,1,49,10,0.142857143,5,4,5,2,3.61895,122.8,7.3565474
473.628,3,0,73,6,0.535714286,2,3,8,1,4.0934,65.94,7.3279023
335.411,4,2,46,6,0.368421053,5,1,1,1,2.098,84.47,7.318759
1007.24,3,1,150,20,0.596153846,12,6,25,8,2.376,276.18,7.3115802
547.635,3,1,72,11,0.538461538,5,4,7,0,2.2513,117.23,7.309804
407.327,3,2,42,11,0.222222222,6,2,4,1,2.48968,113.39,7.309804
353.357,3,2,42,8,0.222222222,6,2,3,1,2.29488,113.39,7.2923999
544.803,0,0,89,10,0.851851852,6,5,19,4,2.6094,136.63,7.2757239
389.337,3,2,42,10,0.222222222,6,2,4,1,2.54008,113.39,7.2676063
550.788,4,2,90,7,0.575757576,3,4,13,2,1.4101,90.69,7.2596374
505.651,4,2,70,8,0.481481481,3,3,7,0,3.3532,86.77,7.2596374
1024.251,5,1,142,19,0.425925926,11,5,23,6,3.9348,240.93,7.2426038
483.583,4,1,68,8,0.407407407,4,3,9,1,2.9816,83.76,7.2291479
343.39,4,3,43,6,0.1,5,1,3,1,2.1739,84.47,7.221849
348.431,4,3,41,6,0.105263158,5,1,3,1,2.8404,71.58,7.221849
654.785,4,1,87,13,0.363636364,6,4,11,3,1.5546,152.73,7.1487417
879.13,2,0,138,18,0.818181818,11,7,25,7,0.3896,280.7,7.1366773
387.527,4,1,58,4,0.36,3,2,5,1,5.17392,68.01,7.1307683
611.685,5,2,82,11,0.424242424,5,3,11,2,3.5746,108.25,7.1191864
389.337,3,2,42,10,0.222222222,6,2,4,1,2.19248,113.39,7.1135092
461.439,4,2,54,10,0.304347826,5,2,5,0,1.2878,74.05,7.1100001
559.751,4,1,86,7,0.382352941,4,5,7,1,2.61342,112.01,7.1079054
329.427,4,2,46,4,0.285714286,3,2,3,0,1.5951,65.24,7.1023731
361.409,4,3,46,8,0.210526316,7,1,4,1,1.3903,102.29,7.09691
360.417,4,2,47,6,0.285714286,5,1,1,1,2.76838,91.71,7.0268722
599.796,4,1,91,8,0.388888889,5,3,16,2,4.9858,100.41,7.0268722
373.839,4,2,45,7,0.315789474,3,3,3,1,1.8192,81.98,7.0177288
536.674,4,0,72,9,0.310344828,5,3,12,1,1.7412,120.39,7.0087738
478.61,4,2,66,9,0.5,4,2,5,0,2.3213,74.52,7
453.933,5,3,53,7,0.038461538,6,1,6,0,6.0833,78.85,7
668.877,3,0,97,11,0.444444444,7,4,20,2,3.5256,147.64,6.9507818
608.774,4,1,90,9,0.428571429,3,4,13,2,2.26812,90.69,6.9208188
1034.416,5,1,163,19,0.867924528,11,6,23,6,4.6087,249.72,6.8927898
565.722,5,2,79,9,0.6,4,3,5,0,4.076,83.01,6.8538718
451.634,6,2,69,3,0.387096774,1,1,3,1,4.6014,36.92,6.8239088
545.722,4,2,79,9,0.551724138,6,3,10,1,2.3691,120.75,6.8239088
673.943,1,1,100,14,0.774193548,9,6,11,5,2.3496,174.96,6.8068752
367.493,6,1,56,5,0.636363636,4,1,3,1,3.20202,67.92,6.7695513
458.973,5,3,58,7,0.230769231,4,3,4,0,2.707,84.64,6.7695513
493.672,4,1,77,7,0.517241379,4,4,11,2,2.8433,98.28,6.7447276
408.38,3,2,48,10,0.315789474,6,2,5,1,3.0671,98.83,6.7351823
991.282,3,1,156,20,0.82,12,7,26,8,1.8037,287.18,6.7235384
515.766,2,2,77,10,0.791666667,6,5,7,3,0.4099,124.14,6.7212462
532.705,3,0,81,7,0.375,4,3,15,2,3.423,95.48,6.7212462
721.796,3,1,97,18,0.441176471,11,7,19,5,-2.6769,286.27,6.7212462
468.409,5,3,49,10,0.083333333,4,2,3,0,2.927,78.66,6.7033348
351.45,3,1,51,5,0.333333333,4,1,5,1,3.2303,67.92,6.6989698
558.652,3,0,72,11,0.285714286,6,3,11,1,2.085,140.65,6.6989698
605.681,5,2,80,10,0.323529412,4,3,11,2,4.4084,99.14,6.6777806
410.832,5,2,45,7,0.136363636,5,1,2,0,4.8489,66.07,6.5528421
441.778,3,2,43,7,0.333333333,4,2,4,0,1.2767,66.13,6.5086384
372.836,3,2,45,8,0.222222222,4,3,3,2,0.1123,102.29,6.4894552
323.396,3,1,45,5,0.263157895,4,1,3,1,2.7542,67.92,6.4202166
649.834,4,1,91,11,0.371428571,6,4,9,2,2.8763,141.65,6.3979402
442.95,4,2,55,6,0.153846154,5,1,8,0,6.18358,76.86,6.3767509
371.347,3,2,42,9,0.222222222,6,2,3,1,2.24288,113.39,6.3615108
428.945,4,3,50,8,0.285714286,5,3,5,0,0.9043,94.81,6.3467875
432.935,4,2,54,7,0.25,4,3,4,0,2.03048,95.54,6.3279023
451.603,3,1,64,7,0.541666667,3,3,9,1,3.2757,65.94,6.3279023
487.751,0,0,82,8,0.88,5,4,18,3,3.4948,107.53,6.2291479
428.965,3,1,52,7,0.181818182,3,3,7,1,3.2568,89.94,6.2291479
439.641,1,1,76,7,0.875,4,4,7,3,3.0498,107.53,6.2291479
517.407,4,1,57,8,0.038461538,3,4,6,2,3.0269,114.74,6.221849
579.762,4,1,89,9,0.545454545,5,4,14,3,2.705,124.58,6.2182446
319.493,3,1,56,4,0.894736842,2,2,5,1,4.05247,56.19,6.2182446
404.963,3,2,52,6,0.428571429,4,2,6,0,1.4667,66.13,6.2146702
414.514,5,3,50,7,0.130434783,6,2,4,0,2.00852,87.89,6.2006593
487.967,4,1,59,8,0.074074074,4,3,7,1,3.6604,111.94,6.154902
396.878,4,2,49,7,0.285714286,4,2,4,0,1.3809,83.2,6.124939
421.354,3,2,45,11,0.263157895,6,2,3,1,3.22578,113.39,6.1101384
481.432,4,1,56,7,0.454545455,4,3,6,0,2.1123,91.21,6.0222764
432.311,3,1,48,9,0.15,4,3,5,2,3.5376,101.51,5.9956784
621.749,4,1,88,10,0.4,4,3,12,3,3.32542,106.56,5.939302
522.407,3,1,56,10,0.428571429,4,3,6,0,2.3623,97,5.8632793
572.679,3,0,75,11,0.310344828,6,3,15,2,3.1327,138.44,5.8538718
323.44,6,1,49,4,0.6,3,1,2,1,2.885,58.69,5.8153086
460.62,3,2,66,8,0.5,5,1,2,0,2.2788,104.21,5.7447276
572.792,3,0,86,9,0.548387097,5,4,15,2,2.7533,129.18,5.7447276
462.611,4,2,65,8,0.5,3,1,5,0,2.6157,54.29,5.6197886
492.619,5,2,71,8,0.464285714,3,3,5,3,3.6626,78.24,5.5528421
363.392,4,2,45,6,0.142857143,5,1,4,0,3.4848,69.73,5.545155
374.464,4,2,52,5,0.217391304,4,2,5,0,1.8573,71.34,5.4948502
386.383,3,1,47,9,0.210526316,6,2,7,0,3.431,116.3,5.4948502
501.712,2,0,83,7,0.689655172,4,4,13,3,3.7384,107.53,5.4317985
319.388,3,1,43,5,0.052631579,2,3,4,1,1.0121,85.64,5.4317985
492.371,5,3,50,9,0.333333333,5,2,2,1,1.4366,106.15,5.3979402
421.504,5,3,55,6,0.076923077,5,3,7,0,5.3982,88.85,5.3767509
582.712,3,0,84,9,0.393939394,4,3,15,2,4.00962,95.48,5.3665314
347.418,4,1,47,5,0.238095238,5,1,4,0,3.3092,70.14,5.3372421
427.278,4,2,44,7,0.25,4,2,3,1,1.58978,95.8,5.2034259
301.797,3,1,39,4,0.235294118,2,2,2,0,2.0378,49.22,5.2006593
432.528,3,1,60,8,0.333333333,4,4,7,3,3.55135,121.11,5.154902
362.905,3,1,52,6,0.578947368,4,2,6,1,4.3096,72.94,5.154902
345.426,4,2,47,5,0.19047619,4,2,4,0,1.6274,75,5.1023731
400.954,6,1,57,6,0.636363636,4,2,5,1,4.554,72.94,5.0506101
314.392,4,2,42,4,0.05,3,3,4,0,4.4242,66.73,5.0409584
327.815,4,2,41,5,0.333333333,4,1,2,0,3.8848,60.5,4.9281178
348.382,4,2,44,6,0.25,4,2,3,1,0.82728,95.8,4.91364
331.419,4,1,46,4,0.238095238,4,1,3,0,3.60902,60.91,4.767004
257.337,3,1,38,4,0.466666667,2,2,2,1,1.93527,56.19,4.7447276
460.373,5,3,48,7,0.333333333,4,2,2,1,2.755,72.01,4.6458917
354.435,3,1,43,7,0.111111111,5,2,5,0,3.56712,83.98,4.6197886
304.393,3,1,43,3,0.15,3,1,5,0,4.1246,48.14,4.6020598
340.403,4,2,47,6,0.526315789,4,2,2,1,0.98188,95.8,4.5951662
348.878,3,1,49,6,0.555555556,4,1,5,1,3.8432,64.15,4.5850267
322.408,3,1,46,4,0.3,2,2,4,0,-0.2007,66.13,4.5654311
338.205,3,2,36,6,0.428571429,4,1,0,1,1.9922,67.92,4.4337983
291.378,4,2,41,4,0.222222222,3,2,2,0,0.4433,55.59,4.4202166
306.369,3,2,41,5,0.111111111,5,2,5,0,3.3465,73.06,4.3979402
236.34,2,1,32,4,0.416666667,4,1,2,0,2.362,47.61,4.3851027
245.326,2,1,37,4,0.428571429,3,1,3,1,1.5547,58.69,4.3829994
387.528,2,1,61,7,0.571428571,3,4,9,3,2.95727,97.32,4.1079054
323.372,4,2,43,5,0.263157895,3,2,3,1,0.9556,72.01,4.067019
237.306,3,2,33,3,0.133333333,2,2,3,0,2.9303,54.7,4.0268722
296.33,4,3,38,6,0.3125,6,1,2,0,1.4727,82.62,4.0030508
327.411,4,2,44,4,0.095238095,3,2,3,0,1.862,65.24,4
276.343,3,2,37,4,0.058823529,4,2,4,0,3.3379,63.83,4
317.365,4,3,44,6,0.529411765,4,2,2,1,-0.0656,81.24,3.9430952
254.293,3,2,33,5,0.142857143,3,3,3,0,1.6186,87.56,3.8860567
273.809,1,0,35,5,0.416666667,2,2,6,0,1.8259,60.84,3.6777806
322.432,3,2,48,4,0.25,3,2,7,0,2.2569,56.49,3.6020601
199.257,2,1,28,3,0.083333333,3,2,3,0,2.2759,50.94,3.5086384
293.798,2,1,40,5,0.466666667,2,2,4,1,3.01137,56.19,3.3010299
194.273,2,1,31,2,0.5,0,1,2,0,1.3416,16.61,3.3010299
241.294,3,1,33,4,0.285714286,4,1,2,0,1.6336,60.91,3.2083094
251.717,2,1,31,5,0.333333333,2,2,2,1,1.98517,56.19,3.154902
225.679,2,1,27,5,0.3,4,2,3,0,1.6543,64.07,3.1135092
214.272,3,2,30,4,0.333333333,4,1,1,0,1.8122,55.04,3.0604808
232.714,2,1,29,3,0.153846154,2,1,3,0,3.1024,38.91,3
144.177,2,1,19,2,0,2,1,0,0,1.817,38.91,3
144.177,2,1,19,2,0,2,1,0,0,1.817,38.91,3
266.361,2,1,43,4,0.6,3,2,5,0,-0.04176,43.13,2.6989701
153.185,1,1,22,4,0.428571429,3,2,2,0,0.3046,71.77,2.6989701
1350.495,5,2,184,31,0.46969697,18,15,40,10,-5.5623,525.06,10.522879
658.863,1,1,99,15,0.766666667,10,5,18,4,1.42784,197.82,9.5228786
933.046,1,0,132,22,0.636363636,15,8,31,6,-6.1662,382.99,9.5228786
608.706,5,2,84,10,0.411764706,5,3,11,2,3.00952,104.71,9.1549015
685.814,5,2,91,13,0.428571429,6,3,11,2,2.17114,132.86,9
851.97,4,0,111,17,0.348837209,9,5,20,4,4.2522,192.47,9
890.989,1,0,125,22,0.609756098,14,9,29,7,-6.457,385.95,9
458.547,5,4,55,9,0.25,8,1,4,1,2.80878,107.84,9
701.931,2,0,104,13,0.555555556,7,5,17,4,3.7704,174.01,8.9586077
373.889,3,3,43,7,0.277777778,3,2,2,1,1.6169,70.82,8.7695513
659.829,4,0,90,11,0.277777778,6,4,15,2,3.0476,141.65,8.7447271
455.543,5,3,54,8,0.2,6,1,3,2,3.04098,102.79,8.5228786
458.547,5,4,55,9,0.25,8,1,4,1,2.80878,107.84,8.5228786
896.023,4,0,118,18,0.377777778,10,5,23,4,4.2688,201.7,8.5086384
345.426,4,2,47,5,0.285714286,2,2,3,1,0.902,70.82,8.2676058
453.531,5,4,52,9,0.208333333,8,1,3,1,2.67186,122.4,8.2218485
419.549,4,1,62,6,0.4,4,2,6,1,1.9412,80.61,7.9586072
571.72,5,3,79,11,0.482758621,7,4,9,1,0.7477,137.71,7.8860564
485.997,3,1,57,10,0.217391304,5,3,6,2,4.29204,118.7,7.6989698
666.865,3,0,95,12,0.4,6,5,16,3,1.9995,161.52,7.6020598
730.948,2,1,114,14,0.684210526,8,7,14,6,2.6775,204.06,7.6003261
561.722,3,0,83,8,0.363636364,3,3,14,3,4.7044,106.15,7.5850267
432.429,5,3,49,8,0.083333333,4,2,4,0,2.7067,78.66,7.5833597
464.378,3,1,49,10,0.15,5,3,5,1,4.26082,115.62,7.3979402
324.409,3,2,39,6,0.235294118,5,1,2,1,2.67878,82.48,7.251812
341.822,4,2,42,6,0.277777778,2,2,3,1,1.184,70.82,7.2291479
445.523,5,3,52,8,0.208333333,6,1,3,1,3.54428,85.72,7.0457573
372.448,4,1,50,5,0.130434783,2,2,4,1,1.7825,67.16,6.7212462
323.396,3,1,45,5,0.263157895,4,1,3,1,2.7542,67.92,6.5686364
546.692,4,1,80,9,0.35483871,5,4,13,3,1.507,110.75,6.3477535
343.41,4,2,45,5,0.095238095,2,2,3,1,1.1689,70.82,6.2757239
503.711,5,1,80,6,0.548387097,4,2,8,1,4.8415,72.77,6.0457573
266.324,3,1,36,4,0.125,1,2,2,1,0.1069,57.93,5.4436975
606.791,5,1,89,8,0.297297297,4,4,14,3,3.1113,101.52,5.3009434
300.405,3,1,43,2,0.19047619,2,1,1,0,4.8816,38.91,5.2146702
311.429,3,1,48,4,0.473684211,3,2,5,1,3.4461,68.01,4.8477116
311.429,3,1,48,4,0.473684211,3,1,4,1,3.5407,59.22,4.415669
226.304,3,2,26,3,0,3,1,1,0,3.5455,38.91,4.4111681
541.09,3,1,71,11,0.48,6,3,10,1,1.83412,121.39,4.1307683
527.063,3,1,68,11,0.458333333,6,3,10,1,1.5257,121.39,3.769551
220.336,2,0,38,2,0.571428571,1,2,3,0,2.2243,47.87,3.6575773
166.244,1,0,28,2,0.4,1,2,3,0,0.739,47.87,3.1804562
152.217,1,0,25,2,0.333333333,1,2,2,0,0.5651,47.87,3.09691
138.19,1,0,22,2,0.25,1,2,2,0,0.1766,47.87,2.6989701
403.57,3,1,63,4,0.384615385,3,2,6,1,5.52342,68.01,9.1870871
615.742,4,2,89,11,0.545454545,5,5,13,3,1.2043,135.58,9.0506096
498.663,4,2,77,7,0.586206897,4,3,8,1,3.53572,88.06,9.004365
484.636,4,2,74,7,0.571428571,4,3,8,1,3.2273,88.06,9
639.764,3,0,91,11,0.4,6,3,17,2,4.0716,117.07,9
637.867,4,1,94,10,0.457142857,6,4,10,1,4.0361,124.58,9
612.791,6,2,91,8,0.459459459,5,3,7,2,4.4429,104.71,9
706.855,5,3,101,12,0.487179487,6,4,16,3,2.8238,137.47,8.8538723
706.855,5,3,101,12,0.487179487,6,4,16,3,2.8238,137.47,8.8239088
597.777,5,3,84,10,0.53125,7,3,11,1,3.9773,110.18,8.7212467
538.684,4,2,80,8,0.548387097,5,3,10,1,2.8351,97.29,8.7212467
502.626,4,2,74,8,0.571428571,4,3,8,1,3.3664,88.06,8.6989698
612.738,3,0,88,10,0.411764706,5,4,16,2,3.7545,115.71,8.6989698
663.905,5,1,98,10,0.486486486,6,4,10,1,4.5252,124.58,8.6989698
601.605,3,1,72,14,0.538461538,5,3,7,0,3.6576,106.23,8.6989698
577.661,3,1,76,12,0.555555556,6,3,9,0,2.7417,115.46,8.6989698
603.577,3,1,70,15,0.52,6,4,8,0,2.5875,126.46,8.6989698
617.604,3,1,73,15,0.538461538,6,4,9,0,2.63,126.46,8.6989698
568.632,4,2,78,11,0.586206897,5,3,9,1,4.1259,97.29,8.6777811
534.643,4,2,77,9,0.586206897,4,3,8,1,4.107,88.06,8.6197891
509.646,4,2,75,8,0.551724138,5,3,8,1,3.09898,111.85,8.6197891
481.531,5,3,60,8,0.142857143,6,2,5,1,3.97382,102.37,8.6038008
415.581,4,1,64,4,0.407407407,3,2,6,1,5.66752,68.01,8.6020603
625.834,7,4,95,8,0.526315789,6,3,6,1,4.0591,100.41,8.6020603
494.545,5,3,61,7,0.166666667,5,1,4,0,4.89902,73.27,8.5867004
657.823,4,2,98,11,0.583333333,5,4,16,3,2.6386,124.58,8.5850267
691.84,5,2,99,11,0.461538462,5,4,15,3,3.291,124.58,8.5850267
692.828,5,3,98,12,0.473684211,6,4,15,3,2.686,137.47,8.5850267
773.864,5,2,105,14,0.487804878,5,4,16,3,4.4476,124.58,8.5686359
585.769,6,4,88,8,0.514285714,6,3,5,1,3.49,110.06,8.5686359
538.684,4,2,80,8,0.548387097,5,3,10,1,2.8351,97.29,8.5376024
625.737,3,0,88,11,0.382352941,6,4,16,2,3.8994,128.07,8.5228786
567.654,4,2,73,12,0.444444444,5,3,10,1,2.2011,108.25,8.5228786
656.747,4,0,83,12,0.264705882,5,3,14,1,4.6674,112.55,8.5228786
730.877,5,2,103,12,0.463414634,6,4,16,3,3.30048,148.37,8.5228786
547.635,3,1,72,11,0.538461538,5,3,7,0,3.1152,106.23,8.5228786
835.971,4,0,110,16,0.348837209,8,5,19,4,4.8733,183.24,8.5086384
579.787,5,3,84,9,0.53125,7,4,10,1,3.5726,121.18,8.4948502
649.834,4,1,91,11,0.371428571,6,4,9,2,2.8763,141.65,8.4948502
520.694,4,2,80,7,0.548387097,5,3,10,1,2.696,97.29,8.4685211
484.636,4,2,74,7,0.571428571,4,3,8,1,3.2273,88.06,8.4436979
514.662,4,2,78,8,0.586206897,5,3,9,1,3.2359,97.29,8.4436979
814.018,4,0,113,14,0.363636364,8,5,20,4,4.7329,183.24,8.4436979
538.684,4,2,80,8,0.548387097,5,3,10,1,2.8351,97.29,8.431798
549.761,5,3,80,8,0.516129032,6,3,9,1,4.2117,100.95,8.431798
498.663,4,2,77,7,0.586206897,4,3,8,1,3.53572,88.06,8.3979397
610.722,3,0,86,10,0.382352941,5,3,16,2,3.9038,112.55,8.3979397
680.813,5,0,89,11,0.324324324,4,3,13,1,5.9263,103.32,8.3979397
621.714,3,1,83,13,0.586206897,7,3,12,0,2.7583,124.69,8.3979397
579.787,5,3,84,9,0.53125,7,3,11,1,3.8382,110.18,8.3872166
691.84,5,2,99,11,0.461538462,5,4,14,3,3.2046,124.58,8.3767509
514.662,4,2,78,8,0.586206897,5,3,9,1,3.2359,97.29,8.3467875
616.77,4,2,92,10,0.588235294,5,4,16,2,2.4948,115.71,8.3279018
555.721,5,3,78,10,0.482758621,6,3,9,1,1.4277,117.48,8.3010302
546.693,5,2,73,9,0.3,6,3,9,1,3.7974,103.67,8.3010302
597.846,4,2,91,9,0.545454545,5,3,13,1,3.8536,108.25,8.3010302
569.748,5,3,81,10,0.5,6,3,10,1,1.8178,117.48,8.3010302
654.775,4,0,85,11,0.285714286,4,3,13,1,5.3921,103.32,8.3010302
452.619,4,2,71,6,0.555555556,4,3,9,1,2.6981,88.06,8.3010302
638.776,4,1,92,10,0.444444444,5,4,17,2,3.1361,115.71,8.2839966
579.787,5,3,84,9,0.53125,7,3,11,1,3.8382,110.18,8.2839966
540.681,5,3,81,9,0.6,7,3,10,1,2.4434,115.75,8.2676058
600.771,4,2,91,9,0.588235294,4,3,15,2,3.3799,95.48,8.2441254
593.814,5,3,87,9,0.545454545,7,3,11,1,4.14662,110.18,8.2441254
593.814,5,3,87,9,0.545454545,7,3,12,1,4.2283,110.18,8.2441254
466.646,4,2,74,6,0.571428571,4,3,8,1,3.0882,88.06,8.2365723
692.828,5,3,98,12,0.473684211,6,4,15,3,2.686,137.47,8.2291479
633.813,7,4,92,8,0.41025641,6,3,6,1,4.5209,110.06,8.2291479
709.836,4,0,93,13,0.297297297,7,3,17,1,4.6873,134.14,8.2218485
647.784,4,1,87,12,0.424242424,5,4,12,1,4.2679,115.35,8.2218485
695.784,5,1,87,13,0.277777778,5,3,13,2,4.3955,123.63,8.2218485
515.618,3,1,69,10,0.52,5,3,8,0,2.4295,106.23,8.2218485
533.608,3,1,69,11,0.52,5,3,7,0,2.7267,106.23,8.2218485
615.588,4,2,71,15,0.538461538,6,3,7,0,3.1254,115.46,8.2218485
433.39,3,2,49,11,0.3,7,2,5,1,2.4655,111.72,8.2218485
411.48,5,2,53,5,0.230769231,4,1,2,0,3.60512,60.38,8.2160969
679.829,4,1,98,11,0.447368421,5,4,17,3,3.2799,124.58,8.2146702
597.777,5,3,84,10,0.53125,7,3,11,1,3.9773,110.18,8.2146702
605.825,6,4,88,9,0.558823529,7,3,10,1,4.3708,110.18,8.2006598
468.482,5,3,54,7,0.107142857,4,1,4,0,5.6025,64.16,8.1877556
502.626,4,2,74,8,0.571428571,4,3,8,1,3.3664,88.06,8.1870871
502.626,4,2,74,8,0.571428571,4,3,8,1,3.3664,88.06,8.1611509
579.787,5,3,84,9,0.53125,7,3,11,1,3.8382,110.18,8.1611509
567.654,4,2,73,12,0.444444444,5,3,10,1,2.2011,108.25,8.1549015
567.776,5,2,83,9,0.516129032,5,3,10,1,2.9715,108.25,8.1549015
551.664,4,1,71,10,0.24137931,5,2,9,1,4.0673,120.15,8.1549015
606.581,3,2,71,16,0.625,7,3,8,0,2.9367,132.26,8.1549015
547.635,3,1,72,11,0.538461538,5,4,8,0,2.4215,109.39,8.1549015
593.814,5,3,87,9,0.545454545,7,3,11,1,4.2267,110.18,8.1426678
593.695,4,1,82,10,0.333333333,5,3,13,2,4.0937,100.41,8.1307678
587.763,3,1,84,11,0.466666667,6,3,8,2,1.4772,132.86,8.124939
616.682,5,2,76,12,0.322580645,6,3,10,1,3.4103,114.24,8.0969105
513.684,4,2,73,9,0.444444444,5,3,10,1,1.6587,108.25,8.0969105
577.727,5,2,78,10,0.322580645,6,3,11,1,2.415,117.48,8.0969105
632.807,4,0,87,11,0.382352941,6,4,13,2,2.75878,156.21,8.0969105
505.676,3,1,73,8,0.518518519,4,3,7,1,2.7242,100.08,8.0969105
510.655,5,3,77,8,0.586206897,6,3,8,1,2.8169,106.52,8.0969105
389.463,4,3,52,8,0.285714286,7,1,6,1,2.1705,102.29,8.0969095
470.018,4,3,58,8,0.375,6,2,7,0,3.7762,93.2,8.0969095
517.609,3,1,68,10,0.52,4,3,7,0,3.0606,89.16,8.0969095
463.516,5,3,57,7,0.142857143,6,1,4,0,4.2602,97.06,8.0830202
501.091,4,2,74,7,0.571428571,4,3,8,1,3.7416,88.06,8.0809221
592.711,4,2,83,10,0.363636364,5,3,13,2,4.0425,104.07,8.0655012
502.626,3,0,74,8,0.5,4,4,8,1,3.5335,98.53,8.0555172
695.809,4,0,90,13,0.277777778,7,3,16,1,3.7756,134.14,8.0457573
667.755,4,0,84,13,0.235294118,7,4,14,1,3.7349,145.14,8.0457573
511.668,5,2,71,9,0.444444444,5,3,9,1,1.4111,108.25,8.0457573
553.749,5,2,80,9,0.5,5,3,9,1,2.5814,108.25,8.0457573
574.742,5,2,86,8,0.470588235,6,3,8,1,3.8575,106.52,8.0457573
605.825,6,4,88,9,0.558823529,7,3,10,1,4.3708,110.18,8.036212
573.758,5,3,87,8,0.5,6,3,11,1,3.7767,110.18,8.031517
597.777,5,3,84,10,0.53125,7,3,11,1,3.9773,110.18,8.0222759
563.719,5,3,84,9,0.53125,7,3,11,1,3.3697,123.32,8.0177288
599.796,6,4,91,8,0.527777778,6,3,5,1,3.8801,110.06,8.0132284
609.813,5,3,88,10,0.545454545,8,3,12,1,3.8107,119.41,8.0087738
665.802,3,0,95,11,0.378378378,6,3,19,2,4.6278,117.07,8
612.738,3,0,88,10,0.411764706,5,4,17,2,3.236,115.71,8
681.782,4,0,87,13,0.257142857,7,3,15,1,3.9071,134.14,8
660.782,4,0,92,10,0.315789474,5,3,17,2,5.4935,104.71,8
690.808,4,0,96,11,0.333333333,6,3,18,2,5.5021,113.94,8
527.711,4,2,76,9,0.464285714,5,3,10,1,2.0472,108.25,8
422.435,4,2,51,8,0.173913043,5,1,4,1,3.37412,80.81,8
835.971,4,0,110,16,0.348837209,8,5,19,4,4.8733,183.24,8
417.488,4,3,55,7,0.25,5,1,5,1,3.4378,84.47,8
642.242,4,0,86,11,0.393939394,5,4,13,2,3.5405,132.42,8
426.398,4,2,48,9,0.136363636,5,1,5,1,3.5194,80.81,8
387.361,3,1,44,8,0.2,4,1,4,1,2.6393,67.92,8
401.388,3,1,47,8,0.238095238,4,1,5,1,3.0294,67.92,8
399.397,3,1,48,8,0.238095238,5,2,5,1,2.0522,88.15,8
427.451,3,1,54,8,0.304347826,5,2,7,1,2.8324,88.15,8
425.382,3,1,49,10,0.3,5,1,8,1,3.1958,77.15,8
425.382,3,1,49,10,0.3,5,1,8,1,3.3523,77.15,8
622.693,5,3,83,12,0.363636364,7,3,12,2,2.8676,122.53,8
417.553,4,2,62,5,0.384615385,4,2,6,1,4.51382,77.24,8
723.857,5,2,102,12,0.475,5,4,16,3,3.5679,124.58,8
378.411,4,3,47,8,0.2,6,1,4,1,2.1344,89.4,8
406.465,4,3,53,8,0.272727273,6,1,6,1,2.9146,89.4,8
422.485,4,3,49,8,0.181818182,6,1,5,1,3.5722,88.65,8
374.444,4,3,50,6,0.318181818,5,1,1,1,2.6631,80.81,8
575.689,3,1,78,11,0.571428571,5,3,9,0,3.6366,98.39,8
579.652,3,1,75,12,0.555555556,5,3,9,0,3.2147,98.39,8
552.633,4,2,77,10,0.586206897,4,3,8,1,4.2461,88.06,7.9586072
610.703,4,0,77,11,0.21875,5,3,13,1,3.5367,112.55,7.9586072
708.848,4,0,94,12,0.315789474,6,3,17,2,4.534,129.62,7.9586072
509.652,4,2,69,9,0.37037037,5,3,9,1,0.8819,108.25,7.9586072
637.823,4,0,90,11,0.411764706,6,4,14,2,2.8957,141.65,7.9586072
676.687,4,0,86,12,0.393939394,5,4,13,2,4.1939,132.42,7.9586072
424.976,3,2,59,6,0.375,4,2,6,1,5.2634,80.9,7.9586072
641.833,5,1,96,9,0.447368421,5,4,17,3,2.7557,124.58,7.9586072
505.676,4,1,73,8,0.555555556,5,3,7,0,2.7169,106.23,7.9586072
538.684,4,2,80,8,0.548387097,5,3,10,1,2.8351,97.29,7.9586072
563.788,5,3,83,8,0.53125,6,3,10,1,4.6018,100.95,7.9586072
757.88,5,0,97,13,0.219512195,7,3,17,1,5.4775,134.14,7.9208188
738.874,4,0,98,13,0.333333333,7,3,18,2,4.5426,138.85,7.9208188
417.387,3,1,48,9,0.238095238,5,1,5,1,2.4553,77.15,7.9208188
636.72,5,3,86,12,0.382352941,7,3,13,2,3.2577,122.53,7.9208188
375.835,3,2,45,8,0.277777778,5,2,3,1,2.9918,83.61,7.9208188
577.661,3,1,76,12,0.555555556,6,4,11,0,2.048,118.62,7.9208188
456.496,5,3,56,7,0.148148148,5,1,4,0,4.52762,73.27,7.8894105
676.85,4,0,92,10,0.315789474,5,3,17,2,5.8524,95.48,7.8860564
553.705,5,3,76,10,0.448275862,6,2,9,1,1.6359,114.32,7.8860564
688.792,5,0,86,11,0.184210526,4,3,13,1,5.9357,103.32,7.8860564
431.414,3,1,51,9,0.272727273,5,1,5,1,2.76372,77.15,7.8860564
611.685,4,1,82,11,0.333333333,5,3,13,2,4.2328,100.41,7.8860564
419.363,3,2,46,11,0.263157895,7,2,5,1,2.0754,111.72,7.8860564
563.634,3,1,73,12,0.538461538,6,4,10,0,2.0055,118.62,7.8860564
499.468,5,3,57,11,0.24,7,1,6,0,4.2799,85.33,7.8600001
550.642,4,2,78,10,0.586206897,5,3,9,1,3.9868,97.29,7.8538718
577.727,5,2,78,10,0.322580645,6,4,11,1,2.4332,126.27,7.8538718
538.663,4,1,77,9,0.433333333,5,4,8,1,2.6904,117.74,7.8538718
704.813,4,0,85,14,0.264705882,6,3,14,1,4.0623,137.46,7.8538718
573.736,3,1,81,11,0.448275862,6,4,8,2,1.135,141.65,7.8538718
376.819,3,2,44,8,0.277777778,5,2,3,1,3.4667,89.6,7.8538718
555.721,5,3,78,10,0.482758621,6,3,9,1,1.4277,117.48,7.8239088
485.63,4,2,67,9,0.4,5,3,8,1,0.8785,108.25,7.8239088
613.682,4,1,75,12,0.225806452,5,3,12,1,3.6637,116.21,7.8239088
431.58,3,1,65,5,0.37037037,4,2,7,1,5.4176,85.08,7.8239088
405.483,4,3,48,8,0.19047619,7,1,5,1,2.8281,101.54,7.8239088
534.721,4,2,83,7,0.5625,5,3,10,1,3.0861,97.29,7.8239088
587.763,3,1,84,11,0.466666667,6,4,7,2,1.3091,141.65,7.8239088
371.828,3,2,44,8,0.222222222,5,2,3,2,2.3793,100.68,7.8239088
439.494,5,3,55,7,0.153846154,6,1,4,0,3.78352,86.16,7.8096681
626.765,3,0,91,10,0.428571429,5,4,17,2,3.6245,115.71,7.7958798
429.608,4,1,67,4,0.428571429,3,2,7,1,6.05762,68.01,7.7958798
404.558,3,2,62,5,0.4,4,2,6,1,4.91842,80.9,7.7958798
574.689,4,2,83,10,0.548387097,5,5,13,2,1.0605,126.71,7.7958798
420.492,4,3,56,8,0.304347826,6,1,6,1,3.1606,89.4,7.7958798
607.841,5,3,90,9,0.558823529,7,3,12,1,4.6168,110.18,7.7958798
575.752,3,1,83,11,0.517241379,6,4,8,2,1.359,141.65,7.7958798
372.428,5,3,48,6,0.227272727,6,1,3,0,3.7903,82.62,7.7958798
652.74,4,0,82,12,0.235294118,6,3,14,1,3.7393,129.62,7.7695513
544.716,5,2,82,7,0.454545455,5,3,6,1,4.01952,97.29,7.7695513
719.894,5,2,105,11,0.487804878,5,4,16,3,3.9848,124.58,7.7695513
412.799,3,2,44,10,0.277777778,5,2,3,1,3.63022,89.6,7.7695513
649.756,4,1,85,13,0.40625,6,4,13,1,3.5414,124.58,7.7447276
607.797,5,1,86,10,0.424242424,6,4,12,1,3.0099,124.58,7.7447276
488.599,3,1,71,8,0.481481481,3,4,8,2,2.0393,95.04,7.7447276
637.823,4,0,90,11,0.411764706,6,4,14,2,2.8957,141.65,7.7447276
589.779,3,1,86,11,0.533333333,6,4,8,2,1.7491,141.65,7.7447276
358.445,4,1,49,5,0.318181818,4,1,1,1,3.17968,82.48,7.7447276
547.635,3,1,72,11,0.538461538,5,3,10,0,2.9015,98.39,7.7447276
526.698,4,2,82,8,0.6,6,3,10,1,3.1054,106.52,7.7399287
594.658,5,2,78,11,0.34375,5,3,11,2,3.6674,104.07,7.7212462
619.73,4,1,81,12,0.387096774,5,4,11,1,3.315,115.35,7.7212462
504.642,3,0,76,8,0.535714286,4,5,9,1,3.0507,98.2,7.7212462
571.742,5,2,85,8,0.382352941,6,4,7,1,4.1254,99.67,7.7212462
600.771,4,2,91,9,0.588235294,4,3,16,2,3.524,95.48,7.7212462
370.84,4,3,45,7,0.315789474,5,1,1,1,2.9451,80.81,7.7212462
437.756,3,2,42,13,0.3125,6,2,4,1,3.5184,94.53,7.7212462
566.638,3,2,74,13,0.64,7,3,10,0,2.3547,124.42,7.7212462
582.712,3,0,84,9,0.393939394,4,3,15,2,4.00962,95.48,7.6989698
653.791,3,0,94,11,0.416666667,5,4,17,3,3.8983,124.58,7.6989698
535.637,4,2,70,11,0.423076923,5,3,10,1,1.5138,108.25,7.6989698
511.668,5,2,71,9,0.444444444,5,3,9,1,1.4111,108.25,7.6989698
525.695,5,2,74,9,0.464285714,5,3,10,1,1.8012,108.25,7.6989698
470.45,5,3,54,10,0.208333333,5,2,4,0,2.543,77.71,7.6989698
405.433,4,2,50,8,0.181818182,6,1,4,1,2.63002,93.7,7.6989698
404.445,4,2,51,7,0.173913043,5,1,4,1,3.23502,80.81,7.6989698
550.676,4,1,72,9,0.233333333,4,2,9,1,4.6723,107.26,7.6989698
675.794,4,0,89,13,0.411764706,5,4,13,2,3.9059,132.42,7.6989698
415.415,4,1,50,8,0.272727273,4,1,6,1,4.0387,67.92,7.6989698
401.413,3,1,50,8,0.238095238,5,1,7,1,2.9779,77.15,7.6989698
415.44,3,1,53,8,0.272727273,5,1,8,1,3.368,77.15,7.6989698
369.371,3,1,44,7,0.2,4,1,4,1,2.6897,67.92,7.6989698
397.425,3,1,50,7,0.272727273,4,1,4,1,3.3258,67.92,7.6989698
395.409,4,1,48,7,0.272727273,4,1,4,1,3.0798,67.92,7.6989698
399.397,3,1,48,8,0.238095238,5,1,5,1,2.3162,77.15,7.6989698
413.424,3,1,51,8,0.272727273,5,1,6,1,2.7063,77.15,7.6989698
399.397,3,1,48,8,0.238095238,5,2,4,1,2.0506,88.15,7.6989698
401.413,4,1,50,8,0.333333333,5,1,7,1,3.1071,77.15,7.6989698
413.399,4,1,48,8,0.272727273,4,1,4,1,3.2189,67.92,7.6989698
427.426,4,1,51,8,0.304347826,4,1,4,1,3.52732,67.92,7.6989698
419.378,3,1,47,9,0.238095238,4,1,4,1,3.08682,67.92,7.6989698
409.533,4,1,58,4,0.185185185,3,2,6,1,5.28742,68.01,7.6989698
622.777,4,1,91,9,0.444444444,4,3,16,2,4.0212,95.48,7.6989698
417.517,4,3,58,8,0.347826087,7,1,5,1,2.8066,102.29,7.6989698
443.555,5,3,62,8,0.4,7,1,6,1,3.3408,102.29,7.6989698
406.465,4,3,53,8,0.272727273,6,1,5,1,2.7705,89.4,7.6989698
434.519,4,3,59,8,0.333333333,6,1,5,1,3.5507,89.4,7.6989698
434.519,4,3,59,8,0.333333333,6,1,7,1,3.5507,89.4,7.6989698
418.476,5,3,54,8,0.304347826,6,1,4,1,3.2296,89.4,7.6989698
566.719,6,4,85,9,0.625,7,3,9,1,2.976,115.75,7.6903696
613.682,4,1,75,12,0.225806452,5,3,12,1,3.6637,116.21,7.6777806
586.744,4,2,88,9,0.575757576,4,3,14,2,2.9898,95.48,7.6777806
565.654,3,2,75,13,0.64,7,3,10,0,2.0207,116.21,7.6777806
678.772,4,0,92,11,0.315789474,5,3,17,2,5.6326,104.71,7.6575775
527.711,4,2,76,9,0.464285714,5,3,10,1,2.0472,108.25,7.6575775
409.436,4,1,51,7,0.304347826,4,1,4,1,3.38822,67.92,7.6575775
386.908,4,3,45,7,0.315789474,5,1,1,1,3.6584,71.58,7.6575775
465.384,5,2,54,7,0.2,5,1,4,0,5.3451,63.21,7.6500001
524.682,5,3,80,8,0.6,6,3,8,1,2.8594,106.52,7.642065
499.657,4,2,70,9,0.423076923,5,3,9,1,1.2686,108.25,7.6382723
633.757,4,1,84,12,0.40625,5,4,12,1,3.84122,115.35,7.6382723
593.67,5,2,79,10,0.333333333,4,3,11,2,4.2724,91.18,7.6382723
583.819,4,2,88,9,0.53125,5,3,13,1,3.8111,108.25,7.6382723
583.775,5,3,84,10,0.516129032,6,3,10,1,2.2063,117.48,7.6382723
612.694,4,0,76,11,0.21875,4,3,12,1,4.2687,103.32,7.6382723
607.573,4,2,77,9,0.322580645,5,3,12,2,3.9644,104.07,7.6382723
588.716,4,2,86,10,0.5625,5,3,15,2,1.9802,104.71,7.6382723
403.91,4,2,46,7,0.3,4,1,1,1,4.4025,58.69,7.6382723
376.819,3,2,44,8,0.277777778,5,2,3,1,3.1191,89.6,7.6382723
470.43,5,3,52,11,0.217391304,7,1,5,0,3.6663,88.99,7.6300001
489.627,3,0,74,7,0.535714286,3,4,8,1,3.0642,86.17,7.6197886
519.722,3,0,77,7,0.551724138,3,3,9,1,4.4349,65.94,7.6197886
536.578,6,2,75,4,0.580645161,1,1,3,1,5.5715,36.92,7.6197886
479.638,3,1,69,8,0.52,5,3,7,0,2.1843,106.23,7.6197886
385.87,4,1,48,6,0.333333333,3,1,1,1,4.1005,58.69,7.6197886
673.803,4,1,90,13,0.411764706,7,3,15,1,3.5196,134.14,7.6020598
548.792,4,1,90,6,0.588235294,3,3,12,2,4.1692,86.25,7.6020598
613.682,4,1,75,12,0.225806452,5,3,12,1,3.6637,116.21,7.6020598
558.69,4,2,82,9,0.548387097,4,4,13,2,2.0897,106.48,7.6020598
507.648,4,2,71,9,0.538461538,6,3,7,0,1.5632,115.46,7.6020598
463.338,3,2,47,14,0.333333333,7,2,5,1,3.0045,111.72,7.6020598
593.67,5,2,79,10,0.333333333,3,4,11,2,4.3415,102.04,7.5850267
649.78,5,2,87,13,0.46875,5,4,10,1,-0.0861,111,7.5850267
557.659,3,1,74,12,0.5,5,4,11,1,2.0484,115.35,7.5850267
626.721,4,0,79,11,0.242424242,4,3,12,1,4.57712,103.32,7.5850267
650.747,5,3,89,12,0.4,7,3,13,2,3.6478,122.53,7.5850267
422.532,4,2,58,5,0.222222222,5,1,4,0,4.77824,72.86,7.5850267
398.772,3,2,41,10,0.235294118,5,2,3,1,3.3218,89.6,7.5850267
433.217,3,2,41,11,0.235294118,5,2,3,1,3.9752,89.6,7.5850267
573.714,6,4,83,9,0.484848485,7,3,9,1,3.5058,119.41,7.5833597
707.82,4,0,91,13,0.243243243,7,3,17,1,4.4633,134.14,7.5686364
706.876,4,0,96,11,0.333333333,6,3,18,2,5.861,104.71,7.5686364
517.694,4,2,79,7,0.419354839,5,4,6,1,3.56352,100.09,7.5686364
443.635,4,1,70,4,0.448275862,3,2,7,1,6.30362,68.01,7.5686364
395.341,3,2,44,11,0.294117647,7,2,4,1,2.072,111.72,7.5686364
374.803,4,2,42,8,0.277777778,5,2,3,1,2.729,89.6,7.5686364
594.658,5,2,78,11,0.34375,5,3,11,2,3.6674,104.07,7.5528421
576.719,5,2,77,10,0.322580645,7,4,10,1,4.1718,121.69,7.5528421
608.71,4,2,84,11,0.363636364,6,3,13,2,3.7347,113.3,7.5528421
501.648,4,2,69,9,0.423076923,5,4,6,0,2.1757,125.68,7.5528421
404.297,4,2,46,7,0.3,4,1,1,1,4.2035,67.92,7.5528421
401.413,4,2,50,8,0.333333333,5,1,3,1,3.4981,77.15,7.5528421
451.452,5,3,53,9,0.208333333,6,1,4,0,3.8176,76.1,7.54
542.672,5,3,80,9,0.6,6,3,9,1,3.155,106.52,7.5391021
623.718,5,3,81,13,0.5,6,3,10,1,2.3602,117.48,7.5376019
493.115,6,3,74,5,0.6,2,1,3,1,4.8574,49.81,7.5376019
579.787,5,3,84,9,0.53125,7,3,11,1,3.8382,110.18,7.5376019
471.414,5,3,51,11,0.173913043,7,1,4,0,4.0039,85.33,7.5228786
387.443,4,2,50,7,0.181818182,6,1,4,1,2.49092,93.7,7.5228786
372.432,4,3,48,7,0.19047619,6,1,4,1,2.1313,97.36,7.5228786
372.428,4,2,48,6,0.136363636,5,1,4,1,2.7875,80.81,7.5228786
361.38,4,3,43,7,0.1,5,1,3,1,2.313,84.47,7.5228786
390.418,4,2,48,7,0.136363636,5,1,4,1,2.9266,80.81,7.5228786
422.435,4,2,51,8,0.173913043,5,1,6,1,3.2663,80.81,7.5228786
387.43,3,1,51,7,0.333333333,4,1,7,1,3.6609,67.92,7.5228786
421.394,3,1,49,9,0.238095238,4,1,7,1,3.9867,67.92,7.5228786
397.425,3,1,50,7,0.272727273,4,1,5,1,3.4699,67.92,7.5228786
411.355,3,1,46,10,0.263157895,5,1,7,1,2.9622,77.15,7.5228786
455.383,3,1,50,11,0.238095238,5,1,8,1,4.0067,77.15,7.5228786
437.393,3,1,50,10,0.238095238,5,1,8,1,3.8676,77.15,7.5228786
429.442,3,1,53,8,0.304347826,4,1,5,1,3.91742,67.92,7.5228786
636.72,5,3,86,12,0.382352941,7,3,12,2,3.2577,122.53,7.5228786
628.14,4,1,82,11,0.333333333,5,3,13,2,4.7471,100.41,7.5228786
389.463,4,3,52,8,0.285714286,7,1,5,1,2.0264,102.29,7.5228786
403.49,4,3,55,8,0.318181818,7,1,6,1,2.4165,102.29,7.5228786
396.401,4,3,47,9,0.2,6,1,4,1,2.2735,89.4,7.5228786
432.381,4,3,47,11,0.2,6,1,4,1,2.6768,89.4,7.5228786
384.411,4,3,41,8,0.105263158,5,1,3,1,3.1186,71.58,7.5228786
352.413,4,2,47,6,0.35,4,1,1,1,2.8421,71.58,7.5228786
368.868,4,2,47,6,0.35,4,1,1,1,3.3564,71.58,7.5228786
487.432,5,3,53,11,0.208333333,6,1,5,0,4.4104,76.1,7.52
568.685,3,0,81,9,0.375,4,3,15,2,3.7012,95.48,7.5086384
721.847,5,1,94,13,0.315789474,7,3,15,1,4.3098,134.14,7.5086384
416.55,4,2,54,6,0.208333333,5,2,6,1,4.74392,80.9,7.5086384
525.617,3,2,76,11,0.653846154,5,5,10,3,-0.4086,135.58,7.5086384
362.792,3,2,41,8,0.235294118,5,2,3,1,2.729,89.6,7.5086384
386.858,4,2,47,7,0.35,4,2,3,1,4.2728,80.37,7.5086384
603.634,4,2,73,14,0.444444444,5,3,10,1,2.4463,108.25,7.4948502
566.788,3,0,84,8,0.40625,4,3,15,1,4.2645,103.32,7.4948502
608.71,4,2,84,11,0.363636364,6,3,14,2,3.8788,113.3,7.4948502
610.722,4,1,86,10,0.411764706,5,3,16,2,2.6215,104.71,7.4948502
591.688,3,1,79,12,0.571428571,6,3,10,0,3.1318,115.46,7.4948502
388.349,3,2,43,9,0.210526316,5,2,3,1,2.6497,89.6,7.4948502
358.853,3,2,46,7,0.277777778,4,3,3,1,1.088,84.81,7.4948502
541.625,3,0,76,9,0.551724138,2,3,8,1,4.8818,65.94,7.4814858
594.683,4,2,81,11,0.34375,6,3,13,2,3.4887,113.3,7.4814858
573.758,5,3,87,8,0.5,6,3,11,1,3.7767,110.18,7.4814858
449.612,3,1,65,7,0.5,4,3,6,0,2.1281,89.16,7.4814858
591.704,6,4,83,10,0.484848485,7,3,9,1,3.6449,119.41,7.4788618
595.646,5,2,77,12,0.35483871,6,3,11,2,3.0624,116.96,7.4685211
453.448,5,3,53,10,0.217391304,6,2,4,0,1.7989,90.6,7.4685211
401.554,4,1,61,4,0.384615385,3,2,6,1,5.42152,68.01,7.4685211
615.766,4,2,91,11,0.545454545,4,5,13,3,0.4539,142.99,7.4685211
510.646,3,2,78,9,0.703703704,4,3,12,2,1.767,95.48,7.4559321
449.411,5,3,48,9,0.083333333,5,1,4,0,4.7652,77.05,7.4546928
598.658,4,2,82,12,0.6,6,3,12,1,4.291,106.52,7.4534574
406.873,4,2,48,7,0.136363636,5,1,4,1,3.4409,80.81,7.4436975
472.697,6,3,77,4,0.612903226,2,1,3,1,4.51242,49.81,7.4436975
515.618,3,1,69,10,0.52,5,3,7,0,2.5876,106.23,7.4436975
605.597,3,2,72,16,0.625,7,3,8,0,2.6027,124.05,7.4436975
387.842,4,2,46,7,0.3,4,1,1,1,3.6892,67.92,7.4436975
403.311,3,2,42,12,0.3125,6,2,4,1,2.865,94.53,7.4436975
467.401,5,3,48,10,0.083333333,5,1,4,0,4.9043,77.05,7.4412913
465.479,5,3,56,9,0.24,6,1,4,0,4.12602,76.1,7.4299998
631.722,4,1,81,13,0.35483871,7,4,12,1,2.5672,145.14,7.4202166
503.654,3,0,77,7,0.551724138,3,4,9,1,3.3118,86.17,7.4202166
622.777,4,1,91,9,0.444444444,4,3,17,2,4.1653,95.48,7.4202166
387.842,4,2,46,7,0.3,4,1,1,1,3.6892,67.92,7.4089355
397.237,3,2,41,9,0.235294118,5,2,3,1,3.73,89.6,7.4089355
517.647,4,2,70,10,0.423076923,5,3,10,1,1.2182,108.25,7.3979402
607.697,5,2,82,10,0.352941176,4,3,11,2,4.3519,91.18,7.3979402
577.731,4,2,78,11,0.366666667,7,4,12,1,1.78068,152.03,7.3979402
394.475,4,2,55,7,0.409090909,5,2,4,2,3.40262,100.93,7.3979402
440.425,4,2,51,9,0.173913043,5,1,4,1,3.8063,80.81,7.3979402
367.412,4,2,45,6,0.090909091,5,1,3,1,2.65058,95.37,7.3979402
378.382,4,2,44,7,0.095238095,4,1,3,1,3.0571,71.58,7.3979402
513.985,5,3,61,9,0.107142857,8,2,9,0,5.4544,108.31,7.3979402
403.404,3,1,49,8,0.238095238,4,1,7,1,3.6911,67.92,7.3979402
415.44,3,1,53,8,0.272727273,5,2,8,1,3.104,88.15,7.3979402
383.398,3,1,47,7,0.238095238,4,1,4,1,3.0798,67.92,7.3979402
429.442,3,1,53,8,0.304347826,4,1,7,1,3.8096,67.92,7.3979402
484.564,3,2,70,10,0.666666667,5,5,10,2,-0.5524,126.71,7.3979402
379.399,4,3,46,9,0.210526316,7,1,4,1,1.5294,102.29,7.3979402
410.428,4,3,50,9,0.238095238,6,1,4,1,2.8345,89.4,7.3979402
366.421,4,3,41,7,0.105263158,5,1,3,1,2.9795,71.58,7.3979402
378.457,4,3,45,7,0.15,6,1,4,1,2.849,80.81,7.3979402
389.818,3,2,44,9,0.222222222,5,2,3,2,2.1708,100.68,7.3979402
387.361,3,1,44,8,0.2,4,1,4,1,2.8288,67.92,7.3872161
449.489,5,2,54,7,0.111111111,6,1,4,0,4.4822,97.18,7.3798637
518.678,4,2,78,7,0.419354839,5,3,6,1,3.53042,97.29,7.3767509
480.34,3,2,48,14,0.315789474,6,2,6,1,3.9051,98.83,7.3767509
618.723,4,1,81,12,0.387096774,6,4,12,1,2.4223,132.78,7.3665314
592.685,3,0,77,12,0.344827586,6,4,13,1,1.8881,132.78,7.3665314
497.628,3,1,69,9,0.52,5,3,8,0,2.1339,106.23,7.3665314
493.665,3,1,72,8,0.538461538,5,3,7,0,2.5728,106.23,7.3665314
552.633,4,2,77,10,0.586206897,4,3,8,1,4.2461,88.06,7.3565474
499.647,4,1,68,7,0.392857143,3,3,9,1,4.5244,65.94,7.3565474
629.493,3,1,64,18,0.47826087,6,3,8,0,3.2587,115.46,7.3565474
458.329,3,1,50,10,0.142857143,4,4,5,2,1.79928,124.54,7.3565474
635.776,4,1,91,10,0.388888889,5,3,16,2,5.264,100.41,7.3467875
475.675,3,1,72,7,0.538461538,5,3,8,0,2.4353,106.23,7.3467875
397.237,3,2,41,9,0.235294118,5,2,3,1,3.3824,89.6,7.3467875
491.618,3,0,73,7,0.535714286,2,3,8,1,4.2325,65.94,7.3372421
587.688,4,1,83,11,0.516129032,5,4,14,3,1.421,124.58,7.3372421
376.819,3,2,44,8,0.277777778,5,2,3,1,3.1191,89.6,7.3372421
488.599,3,1,71,8,0.481481481,3,4,8,2,2.0393,95.04,7.3279023
459.601,3,0,70,6,0.518518519,2,3,9,1,3.9193,65.94,7.3279023
520.694,4,2,80,7,0.548387097,5,3,10,1,2.696,97.29,7.3279023
376.485,4,2,47,6,0.285714286,5,1,1,1,3.48168,82.48,7.3279023
499.657,4,2,70,9,0.423076923,5,3,9,1,1.2686,108.25,7.318759
485.639,3,0,74,6,0.482758621,2,3,8,1,4.2595,65.94,7.318759
353.451,4,3,44,7,0.333333333,6,1,1,1,2.4,84.47,7.318759
591.704,6,4,83,10,0.484848485,7,3,9,1,3.6449,119.41,7.3151546
487.655,3,0,76,6,0.551724138,2,3,8,1,4.3394,65.94,7.309804
517.647,4,2,70,10,0.423076923,5,3,10,1,1.2182,108.25,7.3010302
574.786,4,1,90,7,0.457142857,5,4,8,1,4.7416,96.43,7.3010302
614.851,5,1,97,7,0.5,5,4,7,1,5.4499,96.43,7.3010302
416.481,4,2,55,7,0.208333333,6,1,6,1,3.1862,90.04,7.3010302
430.508,4,2,58,7,0.24,6,1,7,1,3.5763,90.04,7.3010302
444.535,4,2,61,7,0.269230769,6,1,8,1,3.9664,90.04,7.3010302
390.418,4,2,48,7,0.136363636,5,1,4,1,2.9266,80.81,7.3010302
360.392,4,2,44,6,0.095238095,4,1,3,1,2.918,71.58,7.3010302
398.413,3,1,49,8,0.285714286,5,1,7,1,3.16458,91.71,7.3010302
429.467,3,1,56,8,0.304347826,5,1,9,1,3.7581,77.15,7.3010302
401.413,3,1,50,8,0.238095238,5,2,7,1,2.7139,88.15,7.3010302
796.025,4,1,108,15,0.45,9,5,13,4,4.1255,183.24,7.3010302
411.509,4,2,56,6,0.2,5,2,6,1,4.07742,93.79,7.3010302
396.401,4,3,47,9,0.2,6,1,5,1,2.084,89.4,7.3010302
394.353,3,2,45,10,0.277777778,6,2,4,1,2.677,98.83,7.2924299
645.749,4,1,84,13,0.375,7,3,13,1,2.7394,134.14,7.2839966
549.753,3,1,82,9,0.551724138,4,4,9,1,0.8488,104.52,7.2839966
690.808,4,0,96,11,0.333333333,6,3,18,2,5.5021,113.94,7.2676063
661.814,5,2,95,10,0.447368421,4,4,13,3,3.196,115.35,7.2676063
681.845,3,0,100,11,0.447368421,6,3,19,2,5.0978,117.07,7.2596374
497.475,3,1,61,7,0.47826087,4,3,5,0,2.5324,91.21,7.2596374
514.481,3,1,62,8,0.47826087,4,3,5,0,2.5481,97,7.2596374
493.665,3,1,72,8,0.538461538,5,3,8,0,2.5744,106.23,7.251812
474.458,4,2,56,10,0.333333333,6,1,6,0,3.5973,72.44,7.25
448.323,3,2,45,13,0.277777778,6,2,4,1,3.567,98.83,7.2441254
458.329,3,1,50,10,0.142857143,4,4,5,2,1.79928,124.54,7.2441254
492.448,4,2,56,11,0.333333333,6,1,7,0,3.8945,72.44,7.23
647.765,3,0,86,13,0.375,7,3,16,1,2.9854,134.14,7.2291479
619.711,3,0,80,13,0.333333333,7,3,14,1,2.2052,134.14,7.221849
539.722,5,2,77,9,0.482758621,5,3,9,1,2.5389,108.25,7.221849
470.45,5,3,54,10,0.208333333,5,2,4,0,2.543,77.71,7.221849
546.732,4,1,84,7,0.424242424,5,4,8,1,4.0065,96.43,7.221849
430.508,4,2,58,7,0.24,6,1,6,1,3.5747,90.04,7.221849
444.388,4,2,48,10,0.136363636,5,1,4,1,3.8166,80.81,7.221849
378.382,4,2,44,7,0.095238095,4,1,3,1,3.0571,71.58,7.221849
444.388,4,2,48,10,0.136363636,5,1,4,1,3.8166,80.81,7.221849
441.4,3,1,51,10,0.333333333,4,1,7,1,4.2033,67.92,7.221849
540.5,3,1,65,9,0.458333333,5,3,7,1,2.3709,109.31,7.221849
532.652,3,1,78,9,0.517241379,4,3,14,2,2.5524,95.48,7.221849
383.423,4,2,50,7,0.333333333,5,1,2,1,3.0444,77.15,7.221849
425.467,5,3,52,7,0.12,6,1,3,0,3.30062,86.16,7.2160964
475.6,3,1,71,7,0.518518519,3,3,8,1,2.9397,75.17,7.2146702
521.699,3,1,76,9,0.518518519,4,4,8,1,0.2864,104.52,7.2146702
344.418,4,2,46,5,0.285714286,5,2,3,0,3.2201,83.86,7.2146702
383.423,4,2,50,7,0.333333333,5,1,2,1,3.0444,77.15,7.2146702
408.864,4,2,47,7,0.136363636,4,2,3,1,4.3032,80.37,7.2146702
583.675,4,1,80,10,0.375,4,4,12,2,4.03802,98.28,7.2006593
404.392,4,3,48,9,0.35,5,1,1,1,3.3105,80.81,7.2006593
576.762,5,3,88,9,0.545454545,7,3,11,1,3.1152,115.11,7.19382
611.685,4,1,82,11,0.333333333,5,3,13,2,4.2328,100.41,7.1804562
382.317,3,2,41,10,0.235294118,5,2,3,1,2.8075,89.6,7.1804562
715.862,4,0,101,11,0.341463415,6,3,19,2,5.642,117.07,7.1739254
600.824,5,1,94,7,0.486486486,5,4,7,1,5.0598,96.43,7.1739254
399.76,3,2,40,11,0.25,6,2,3,1,2.7168,102.49,7.1739254
548.651,3,1,79,10,0.517241379,5,4,14,2,1.5232,115.71,7.167491
602.593,3,2,71,15,0.56,6,3,7,0,3.0526,119.12,7.167491
365.433,4,2,50,6,0.333333333,5,1,2,1,2.9053,77.15,7.167491
416.48,5,3,54,7,0.208333333,5,2,4,0,1.653,77.71,7.154902
353.466,6,1,53,5,0.619047619,4,1,3,1,2.8936,67.92,7.154902
456.546,5,2,62,7,0.296296296,6,1,6,1,4.1089,90.04,7.154902
386.459,4,3,51,7,0.227272727,6,1,4,1,2.6923,97.36,7.154902
344.378,4,3,42,7,0.105263158,6,1,3,1,1.5689,97.36,7.154902
513.001,5,3,62,9,0.107142857,8,3,9,0,5.4875,111.11,7.154902
429.345,3,1,46,11,0.263157895,5,1,7,1,3.1013,77.15,7.154902
443.372,3,1,49,11,0.3,5,1,7,1,3.40972,77.15,7.154902
636.696,4,1,84,12,0.323529412,7,3,14,2,2.4572,140.54,7.154902
526.645,3,2,79,10,0.703703704,5,4,13,2,0.8819,115.71,7.154902
401.474,5,3,53,8,0.318181818,7,1,4,1,2.4855,102.29,7.154902
349.419,4,3,40,7,0.111111111,6,1,3,1,2.2354,84.47,7.154902
530.53,6,2,69,4,0.387096774,1,1,3,1,5.3639,36.92,7.154902
379.46,4,2,53,6,0.363636364,5,1,3,1,3.2954,77.15,7.154902
597.777,5,3,84,10,0.53125,7,3,11,1,3.9773,110.18,7.1487417
509.652,4,2,69,9,0.37037037,5,3,9,1,0.8819,108.25,7.1366773
565.729,4,1,84,8,0.454545455,4,4,10,1,4.579,90.86,7.1366773
596.655,4,2,79,12,0.322580645,7,3,13,2,2.335,122.53,7.1366773
574.67,4,1,74,11,0.344827586,5,3,11,1,2.369,112.55,7.1307683
403.404,4,2,49,8,0.333333333,4,1,1,1,3.9155,67.92,7.1307683
548.632,3,0,70,11,0.296296296,5,3,12,1,1.8348,112.55,7.124939
547.635,3,1,72,11,0.538461538,5,3,8,0,3.1168,106.23,7.124939
608.75,4,1,88,9,0.428571429,4,3,15,2,3.6311,95.48,7.1249385
605.684,3,0,77,13,0.310344828,7,4,13,1,2.033,145.14,7.1191864
590.716,6,3,84,9,0.470588235,6,3,9,1,4.2499,106.52,7.1157713
503.654,3,0,77,7,0.551724138,3,3,9,1,4.102,75.17,7.1135092
561.662,3,1,75,11,0.555555556,5,3,8,0,2.9054,106.23,7.1079054
439.494,5,3,55,7,0.153846154,6,1,4,0,4.31394,86.28,7.1051302
553.627,4,2,70,12,0.423076923,5,3,9,1,1.811,108.25,7.1023731
501.644,4,2,69,8,0.407407407,5,3,6,0,3.0456,110.14,7.1023731
512.215,3,1,49,10,0.15,3,4,5,2,2.6901,100.75,7.1023731
474.56,5,3,64,8,0.296296296,6,2,7,0,2.4418,86.94,7.09691
456.423,5,3,51,10,0.173913043,5,2,4,0,2.1529,77.71,7.09691
484.477,5,3,57,10,0.24,5,2,4,0,2.9331,77.71,7.09691
358.405,4,3,45,7,0.15,6,1,3,1,1.87732,97.36,7.09691
419.403,3,1,50,9,0.285714286,5,1,8,1,3.2507,84.99,7.09691
423.41,3,1,51,9,0.333333333,4,1,8,1,4.0786,67.92,7.09691
345.349,3,1,42,7,0.222222222,4,1,4,1,2.62672,67.92,7.09691
393.426,4,3,49,9,0.25,7,1,4,1,2.0904,102.29,7.09691
377.473,4,3,46,7,0.2,6,1,4,1,2.7978,84.47,7.09691
383.864,4,3,40,8,0.111111111,6,1,3,1,2.8888,84.47,7.09691
563.634,3,1,73,12,0.538461538,6,3,11,0,2.5653,107.62,7.09691
618.749,5,2,87,10,0.4,5,3,13,2,4.5316,104.07,7.0915151
532.705,4,2,81,7,0.4375,5,3,6,1,4.09142,97.29,7.0809221
571.758,4,1,81,9,0.483870968,5,4,10,1,4.6405,90.86,7.070581
556.705,5,3,77,10,0.482758621,7,3,10,1,1.6179,123.47,7.0655017
421.479,6,3,52,6,0.153846154,5,1,4,0,4.5659,77.05,7.0634861
594.654,5,2,78,10,0.333333333,4,3,11,2,4.6064,99.39,7.0604806
510.646,3,2,78,9,0.703703704,4,3,13,2,1.9111,95.48,7.0604806
378.354,3,2,44,9,0.277777778,5,2,3,1,2.97682,89.6,7.0604806
487.611,4,1,72,7,0.535714286,3,3,9,1,3.2998,75.17,7.0555172
410.521,4,2,57,5,0.192307692,4,2,6,1,4.68242,80.9,7.0555172
532.652,3,1,78,9,0.517241379,4,3,13,2,2.4083,95.48,7.0506101
415.472,5,3,53,7,0.208333333,6,1,4,0,3.5724,76.1,7.0500002
616.707,4,1,79,12,0.35483871,6,3,12,1,2.5716,129.62,7.0457573
402.454,4,2,52,7,0.173913043,6,1,5,1,2.7961,90.04,7.0457573
400.438,5,3,50,7,0.173913043,6,1,3,1,2.5501,90.04,7.0457573
373.403,3,1,48,7,0.3,4,1,6,1,3.2708,67.92,7.0457573
401.457,3,1,54,7,0.363636364,4,1,8,1,4.051,67.92,7.0457573
397.425,4,1,50,7,0.272727273,4,1,6,1,3.7415,67.92,7.0457573
366.421,4,3,41,7,0.105263158,5,1,3,1,2.9795,71.58,7.0457573
349.419,4,3,40,7,0.111111111,6,1,3,1,2.2354,84.47,7.0457573
545.726,4,2,79,10,0.535714286,6,4,11,1,1.4928,124.58,7.0409584
471.603,4,2,64,9,0.375,5,3,8,1,0.836,108.25,7.0409584
424.565,4,2,65,6,0.52,4,3,8,1,2.062,88.06,7.0409584
397.482,5,3,53,6,0.208333333,6,1,4,0,3.4333,76.1,7.04
537.675,4,1,78,8,0.451612903,4,3,8,1,3.41662,91.72,7.031517
566.735,3,0,81,10,0.551724138,4,4,10,1,3.4649,112.11,7.031517
475.65,4,1,69,7,0.538461538,4,3,6,0,2.663,97,7.0268722
468.565,3,2,69,9,0.666666667,4,4,10,2,0.4768,106.48,7.0177288
372.831,4,2,44,7,0.315789474,4,2,3,1,3.7386,80.37,7.0177288
420.557,3,2,63,6,0.4,5,2,7,1,4.6186,90.13,7.0132284
371.444,4,2,49,6,0.181818182,6,1,4,0,3.49342,85.75,7.0132284
353.397,4,2,46,6,0.3,4,1,1,1,3.0358,67.92,7.004365
399.478,5,3,53,7,0.217391304,6,2,4,0,0.9089,90.6,7
518.669,3,0,79,8,0.551724138,4,4,10,1,3.2229,87.2,7
380.448,4,2,52,7,0.380952381,5,2,4,2,3.0942,100.93,7
357.417,4,3,46,6,0.142857143,5,1,3,1,2.48232,84.47,7
457.585,3,0,68,6,0.444444444,2,3,9,1,3.829,65.94,7
439.409,3,1,52,10,0.333333333,5,1,9,1,3.5859,77.15,7
347.382,4,3,43,8,0.166666667,7,1,3,1,0.9074,102.29,7
434.45,5,3,52,9,0.217391304,7,1,4,0,3.0735,88.99,7
509.664,3,1,73,9,0.538461538,6,3,9,0,1.8108,115.46,7
479.657,3,1,70,7,0.576923077,3,3,8,1,4.1549,65.94,6.9829664
512.215,3,1,49,10,0.15,3,4,5,2,2.6901,100.75,6.9746943
360.373,5,3,43,7,0.15,7,1,2,0,2.8464,91.85,6.9706163
405.412,5,4,47,9,0.19047619,7,1,3,0,2.4599,92.65,6.9699998
462.35,3,2,48,13,0.315789474,6,2,5,1,3.6095,98.83,6.9665761
599.674,4,1,81,11,0.375,5,4,13,2,3.7382,107.51,6.9586072
506.046,4,2,68,7,0.275862069,6,2,12,0,6.4411,82.53,6.9586072
500.635,4,1,67,8,0.407407407,4,3,9,1,3.9194,78.83,6.9586072
485.555,4,2,66,9,0.384615385,5,3,9,1,1.8279,92.99,6.9586072
401.457,3,1,54,7,0.363636364,4,1,7,1,3.9069,67.92,6.9586072
671.787,4,1,88,13,0.352941176,7,3,15,1,3.2956,134.14,6.9546771
336.395,4,3,45,6,0.315789474,5,1,1,1,2.2917,80.81,6.9469213
501.673,4,1,72,9,0.5,5,4,11,1,1.4762,115.35,6.9208188
487.611,3,0,72,7,0.5,3,3,8,1,3.2724,83.01,6.9208188
440.547,5,2,61,6,0.296296296,5,1,5,1,4.4451,80.81,6.9208188
384.439,5,3,49,6,0.173913043,5,1,3,1,2.7138,80.81,6.9208188
484.682,0,0,82,9,0.84,5,5,16,4,1.8762,136.63,6.9208188
483.579,4,1,68,7,0.392857143,3,3,9,1,4.0559,79.08,6.9208188
411.355,3,1,46,10,0.263157895,5,1,7,1,2.8057,77.15,6.9208188
618.705,4,1,83,11,0.323529412,6,3,13,2,3.96538,124.2,6.9208188
433.369,4,3,46,12,0.210526316,7,1,4,1,2.0718,102.29,6.9208188
523.641,4,2,70,9,0.481481481,3,3,6,0,3.6504,86.77,6.9208188
451.584,3,1,63,8,0.47826087,5,4,5,0,1.4912,117.23,6.9208188
410.836,4,2,45,8,0.095238095,5,2,3,1,4.097,89.6,6.9208188
612.762,3,0,90,10,0.411764706,4,4,16,2,3.0041,123.12,6.9100947
590.669,3,0,75,12,0.310344828,6,3,13,1,2.0374,129.62,6.9065785
381.414,5,3,45,6,0.043478261,5,1,3,0,3.6885,77.05,6.9065785
637.823,4,0,90,11,0.411764706,6,4,14,2,2.8957,141.65,6.8996296
344.418,4,2,46,5,0.285714286,5,2,3,0,3.2201,83.86,6.8860569
354.385,4,3,45,7,0.315789474,5,1,1,1,2.4308,80.81,6.8860569
498.504,5,3,60,10,0.269230769,5,2,4,0,3.3232,77.71,6.8860564
400.482,4,2,54,6,0.208333333,5,1,4,1,3.40434,80.81,6.8860564
342.402,4,2,44,5,0.095238095,4,1,3,1,2.7789,71.58,6.8860564
487.655,3,0,76,6,0.551724138,2,3,10,1,4.4835,65.94,6.8860564
501.591,3,1,66,10,0.5,5,3,6,0,2.5451,106.23,6.8860564
477.666,3,1,71,7,0.538461538,4,3,7,0,2.7381,97,6.8860564
531.636,3,1,71,10,0.538461538,4,3,7,0,3.2805,97,6.8860564
392.842,5,2,45,6,0.136363636,5,1,2,0,4.7098,66.07,6.8860564
493.684,3,1,73,7,0.592592593,3,3,9,1,4.446,65.94,6.8827286
431.421,5,3,48,8,0.083333333,5,1,3,0,4.5682,77.05,6.8728952
410.452,5,2,50,6,0.08,5,1,4,0,4.3021,73.39,6.8696661
398.416,5,3,46,6,0.041666667,4,1,3,0,4.4326,64.16,6.8632793
362.792,3,2,41,8,0.235294118,5,2,3,1,3.0766,89.6,6.8632793
478.604,3,1,72,8,0.615384615,4,3,9,1,3.3725,91.97,6.8569851
503.654,3,0,77,7,0.551724138,3,3,9,1,3.7183,75.17,6.8538718
769.864,4,0,99,15,0.333333333,9,3,19,2,5.0204,152.73,6.8538718
372.432,4,3,48,7,0.19047619,6,1,3,1,2.18574,97.36,6.8538718
431.547,3,0,64,6,0.48,2,3,8,1,2.9231,65.94,6.8538718
363.446,4,3,43,7,0.157894737,6,1,3,1,2.54382,84.47,6.8538718
691.84,5,2,99,11,0.461538462,5,4,14,3,3.2046,124.58,6.8538718
496.491,3,1,62,7,0.47826087,4,3,5,0,2.409,97,6.8538718
538.709,5,3,83,8,0.612903226,6,3,9,1,3.453,106.52,6.8416376
354.385,4,3,45,7,0.315789474,5,1,1,1,2.4308,80.81,6.8386321
501.673,4,1,72,9,0.5,5,4,10,1,1.2584,115.35,6.8239088
397.438,4,2,49,7,0.130434783,6,1,4,1,2.65918,104.6,6.8239088
386.459,4,3,51,7,0.227272727,6,1,4,1,2.43972,97.36,6.8239088
550.808,3,0,92,6,0.588235294,3,3,13,2,4.4152,86.25,6.8239088
460.66,3,1,70,6,0.538461538,4,3,9,0,2.9384,91.21,6.8239088
501.644,4,2,69,8,0.407407407,5,3,6,0,3.0456,110.14,6.8239088
645.749,3,0,84,13,0.3125,7,3,16,1,2.7614,134.14,6.821023
337.383,4,3,44,7,0.333333333,6,1,1,1,1.6867,93.7,6.821023
401.776,3,2,42,11,0.3125,6,2,3,1,2.6603,94.53,6.821023
430.463,6,4,53,8,0.208333333,6,2,3,0,1.3731,86.94,6.7958798
515.665,3,0,78,7,0.533333333,3,3,9,1,4.296,83.01,6.7958798
661.692,4,1,85,13,0.352941176,5,3,13,2,5.1125,100.41,6.7958798
496.619,3,2,75,9,0.692307692,4,3,11,2,1.3769,95.48,6.7958798
484.611,3,0,71,7,0.5,3,3,9,1,3.59708,89.73,6.779892
505.062,4,2,69,7,0.275862069,6,3,12,0,6.4742,85.33,6.7695513
489.627,3,0,74,7,0.535714286,3,4,8,1,3.799,86.17,6.7695513
331.322,3,1,39,7,0.176470588,4,1,4,1,2.3183,67.92,6.7695513
518.625,3,1,75,9,0.5,4,3,12,2,2.0182,95.48,6.7695513
356.429,4,2,47,5,0.136363636,5,1,4,0,3.79,72.86,6.7695513
457.965,5,3,57,7,0.230769231,5,2,4,0,4.6264,83.03,6.7695513
661.792,3,0,89,13,0.393939394,7,3,16,1,3.2314,134.14,6.7619538
552.524,3,0,73,7,0.535714286,2,3,8,1,4.8559,65.94,6.7594509
592.776,4,1,90,8,0.457142857,5,4,8,1,4.6912,96.43,6.7520266
621.824,4,0,89,10,0.411764706,5,4,14,2,2.7556,132.42,6.7447276
487.611,4,1,72,7,0.535714286,3,3,9,1,3.6474,75.17,6.7447276
487.655,3,0,76,6,0.551724138,2,3,8,1,4.40182,65.94,6.7447276
391.5,4,3,49,7,0.238095238,6,1,4,1,3.10622,84.47,6.7447276
587.763,3,1,84,11,0.466666667,6,4,8,2,1.5251,141.65,6.7447276
545.726,4,2,79,10,0.535714286,6,4,10,1,1.275,124.58,6.7212462
444.49,6,4,56,8,0.24,6,2,3,0,1.4156,86.94,6.7212462
484.477,5,3,57,10,0.24,5,2,4,0,2.9315,77.71,6.7212462
632.807,4,0,87,11,0.382352941,6,4,13,2,2.75878,156.21,6.7212462
579.668,4,1,79,10,0.3125,5,4,13,2,3.7515,109.2,6.7212462
446.633,3,1,67,6,0.52,4,3,8,0,2.5483,91.21,6.7212462
433.563,2,0,66,6,0.48,2,3,8,1,3.1691,65.94,6.6989698
443.372,3,1,49,11,0.3,5,1,7,1,3.6495,77.15,6.6989698
397.328,3,1,43,10,0.222222222,5,1,6,1,2.9197,77.15,6.6989698
469.671,4,2,70,6,0.481481481,3,3,6,0,3.108,86.77,6.6989698
443.493,5,2,58,8,0.416666667,4,2,6,0,2.6845,64.82,6.6777806
551.72,3,0,79,9,0.551724138,4,3,9,1,3.1165,100.08,6.6777806
516.653,3,0,77,8,0.517241379,3,4,10,2,2.8179,95.04,6.6777806
358.442,3,1,52,7,0.526315789,5,2,5,2,1.8338,97.02,6.6777806
613.682,4,1,75,12,0.225806452,5,3,12,1,3.6637,116.21,6.6777806
477.62,3,1,73,8,0.615384615,4,3,9,1,3.0385,83.76,6.6777806
620.721,5,2,85,11,0.382352941,6,3,14,2,3.8788,113.3,6.6777806
589.55,3,1,67,15,0.5,6,3,10,0,2.6767,107.62,6.6736641
459.601,3,0,70,6,0.518518519,2,3,8,1,3.7033,65.94,6.6575775
519.089,4,2,72,7,0.3,6,3,13,0,6.8643,85.33,6.6575775
484.686,4,2,72,7,0.518518519,4,3,7,0,2.8931,99.66,6.6575775
599.524,3,0,73,7,0.535714286,2,3,8,1,4.698,65.94,6.6516953
463.345,3,1,53,10,0.19047619,4,4,6,2,1.9362,109.98,6.6497521
562.65,3,2,74,12,0.576923077,6,3,9,0,2.4706,111.28,6.6458917
467.527,3,0,64,8,0.48,2,3,10,1,3.1683,65.94,6.6382723
382.42,4,3,50,8,0.35,6,2,2,2,2.38342,110.16,6.6382723
546.679,3,0,81,9,0.533333333,4,4,9,2,3.4279,104.27,6.6197886
546.679,3,0,81,9,0.533333333,4,4,9,2,3.3096,106.48,6.6197886
739.838,4,0,95,14,0.315789474,8,3,18,2,5.0118,143.5,6.6197886
348.431,4,3,41,6,0.105263158,5,1,3,1,2.8404,71.58,6.6197886
571.742,4,1,85,8,0.352941176,5,3,14,2,4.2056,100.41,6.6197886
858.096,5,1,115,15,0.377777778,9,5,14,4,5.1539,183.24,6.6197886
449.411,5,3,48,9,0.083333333,5,1,3,0,4.7073,77.05,6.6179829
723.863,4,0,96,13,0.315789474,7,3,17,1,4.9333,134.14,6.6161847
536.718,4,0,76,8,0.366666667,4,3,11,1,3.3824,103.32,6.6143937
498.625,5,2,67,9,0.423076923,6,3,9,1,1.3537,114.24,6.6020598
386.411,5,3,47,7,0.136363636,6,1,3,1,2.5076,90.04,6.6020598
410.399,4,2,47,8,0.136363636,4,1,3,1,3.7977,71.58,6.6020598
514.637,4,1,75,8,0.517241379,3,3,9,2,3.3128,86.25,6.6020598
473.433,5,3,50,9,0.076923077,5,1,3,0,5.18398,87.95,6.5968795
489.627,3,0,74,7,0.535714286,3,4,10,1,3.0658,86.17,6.5850267
355.344,3,1,41,7,0.157894737,4,1,4,1,2.2996,67.92,6.5850267
383.879,4,2,49,6,0.333333333,4,1,2,1,3.9402,67.92,6.5850267
368.444,5,4,48,6,0.181818182,6,1,3,0,2.8197,79.76,6.5799999
485.555,4,2,66,9,0.384615385,5,3,9,1,1.8279,92.99,6.5686364
383.492,6,1,57,6,0.636363636,5,1,4,1,2.9022,77.15,6.5686364
531.655,3,1,72,11,0.384615385,6,4,7,2,0.0116,141.65,6.5686364
420.53,4,2,56,8,0.428571429,3,2,3,0,1.5341,65.29,6.5686364
357.417,4,2,46,6,0.142857143,6,1,4,0,3.185,85.75,6.5686364
341.455,4,2,52,5,0.6,4,1,1,1,3.2774,67.92,6.5559554
381.52,6,1,59,5,0.652173913,4,1,4,1,3.456,67.92,6.5528421
458.974,5,3,51,7,0.04,6,1,6,0,6.7498,65.96,6.5376019
613.682,4,1,75,12,0.225806452,5,3,12,1,3.6637,116.21,6.5376019
489.583,4,2,70,8,0.518518519,4,3,9,1,2.1461,84.4,6.5376019
449.537,3,0,64,7,0.48,2,3,10,1,2.8727,65.94,6.5376019
502.679,4,1,77,6,0.387096774,4,4,6,1,3.8601,87.2,6.5346169
364.327,3,2,41,9,0.235294118,5,2,3,1,2.6684,89.6,6.5316525
371.828,3,2,44,8,0.222222222,5,2,3,2,2.0317,100.68,6.5301781
400.486,4,3,54,7,0.260869565,6,1,4,1,3.00072,97.36,6.5228786
613.845,4,0,92,10,0.575757576,5,4,13,2,2.8881,132.42,6.5228786
483.448,3,1,58,7,0.454545455,4,3,6,0,2.3583,91.21,6.5228786
558.652,3,0,72,11,0.285714286,6,3,11,1,1.9714,140.65,6.5086384
632.807,4,0,87,11,0.382352941,6,4,13,2,2.75878,156.21,6.5086384
324.815,4,2,40,5,0.277777778,4,1,3,0,3.7965,63.63,6.5086384
440.77,3,2,42,7,0.333333333,5,1,4,0,3.1961,64.52,6.5086384
488.643,3,0,75,7,0.535714286,3,4,8,1,3.6756,91.96,6.4975729
445.376,4,2,47,11,0.142857143,6,1,4,1,3.2116,93.7,6.4948502
465.63,3,1,67,7,0.56,3,3,9,1,3.9808,65.94,6.4948502
396.454,5,3,50,7,0.130434783,7,1,4,0,3.12542,91.21,6.4948502
517.641,3,1,76,9,0.5,3,4,8,3,2.3038,112.27,6.4814858
367.493,6,1,56,5,0.636363636,4,1,4,1,3.2837,67.92,6.4814858
437.49,4,1,57,7,0.36,4,1,4,1,4.2501,67.92,6.4814858
356.429,4,2,47,5,0.136363636,5,1,4,0,3.79,72.86,6.4814858
526.648,5,1,76,8,0.533333333,3,3,9,2,3.3112,86.25,6.4685211
445.574,3,0,67,6,0.5,2,3,9,1,3.2142,65.94,6.4672456
528.67,3,0,72,9,0.321428571,4,2,11,1,3.4724,103.35,6.4634414
381.501,4,2,50,6,0.333333333,5,1,2,1,3.6186,67.92,6.4634414
435.539,3,1,64,8,0.565217391,4,3,9,1,1.8682,83.76,6.4609237
357.801,3,2,41,8,0.176470588,5,3,3,2,1.6895,109.47,6.4584208
530.68,3,0,80,8,0.533333333,3,4,9,2,3.208,95.04,6.4559321
523.766,4,1,87,7,0.709677419,3,4,12,3,6.22217,97.32,6.4559321
435.585,3,1,62,7,0.47826087,4,3,5,0,1.7856,97,6.4559321
465.63,3,1,67,7,0.56,3,3,9,1,3.9808,65.94,6.4534574
496.609,4,2,65,9,0.346153846,6,3,9,1,0.8245,114.24,6.4436975
470.45,5,3,54,10,0.208333333,5,2,4,0,2.543,77.71,6.4317985
530.776,0,0,86,10,0.846153846,6,5,18,4,2.2193,136.63,6.4317985
499.647,4,1,68,7,0.392857143,3,3,9,1,4.5244,65.94,6.4317985
432.606,3,1,64,6,0.5,4,3,7,0,2.1582,91.21,6.4317985
363.446,4,3,43,7,0.157894737,6,1,3,1,2.54382,84.47,6.4317985
517.641,3,1,76,9,0.5,3,4,8,3,2.3038,112.27,6.4202166
498.638,3,0,74,7,0.517241379,3,3,8,1,3.84308,89.73,6.4202166
434.496,5,2,58,8,0.375,6,2,4,2,3.2299,106.25,6.4202166
471.612,3,0,71,6,0.464285714,2,3,9,1,4.2191,65.94,6.4202166
396.511,4,1,59,6,0.608695652,5,1,5,1,2.1754,98.82,6.4089355
467.527,3,0,64,8,0.48,2,3,11,1,2.8223,65.94,6.4089355
415.541,3,2,60,6,0.36,5,2,6,1,4.48168,104.69,6.4089355
542.695,7,1,81,9,0.7,5,3,9,1,3.3127,96.65,6.406714
490.615,3,1,73,8,0.518518519,4,4,8,1,2.6143,89.41,6.3979402
566.735,3,0,81,10,0.551724138,4,4,10,1,2.6211,112.11,6.3979402
411.44,5,3,49,7,0.083333333,6,1,4,0,3.6971,86.28,6.3968558
452.945,5,3,54,6,0.037037037,5,1,6,0,6.6883,65.96,6.3872161
453.933,5,3,53,7,0.038461538,6,1,6,0,6.0833,78.85,6.3872161
460.589,3,0,69,7,0.5,3,3,9,1,2.8619,69.18,6.3872161
572.686,5,2,80,10,0.34375,6,4,12,2,1.9505,133.27,6.3767509
687.83,4,1,93,13,0.428571429,7,3,15,1,3.7656,134.14,6.368556
331.416,3,2,49,6,0.555555556,5,1,3,1,2.2645,77.15,6.3655229
494.637,4,0,67,8,0.296296296,4,3,11,1,2.2121,103.32,6.3565474
367.331,3,2,42,10,0.3125,6,2,3,1,2.0069,94.53,6.3506651
436.527,3,1,63,9,0.590909091,5,3,9,1,1.2632,96.65,6.3467875
427.937,4,3,49,8,0.285714286,6,2,5,0,2.8237,93.2,6.3467875
463.345,3,1,53,10,0.19047619,4,4,6,2,1.9362,109.98,6.3467875
335.407,4,2,46,5,0.3,4,1,1,1,2.8967,67.92,6.3419886
453.933,5,3,53,7,0.038461538,6,1,6,0,6.0833,78.85,6.3372421
543.416,3,0,61,7,0.458333333,2,3,8,1,3.4005,65.94,6.3372421
407.436,6,1,53,8,0.619047619,4,1,3,1,3.7836,67.92,6.3279023
397.891,4,3,43,8,0.157894737,6,1,3,1,3.19722,84.47,6.3279023
431.927,4,2,53,7,0.25,5,2,4,0,3.94988,93.93,6.3279023
691.794,3,0,91,14,0.411764706,8,3,17,2,4.22,143.5,6.318759
520.597,3,1,73,10,0.481481481,5,3,13,2,1.0086,104.71,6.318759
511.668,5,2,71,9,0.444444444,5,4,9,1,1.7769,117.04,6.309804
518.649,3,1,77,9,0.5,3,4,11,2,0.74642,102.86,6.309804
344.393,4,2,43,5,0.095238095,4,1,3,0,3.9205,63.63,6.309804
565.729,4,1,84,8,0.454545455,4,4,10,1,4.579,90.86,6.3010302
480.629,3,1,73,7,0.428571429,4,4,6,2,2.04762,104.27,6.3010302
363.424,5,3,45,5,0.043478261,5,1,3,0,3.5494,77.05,6.3010302
361.47,4,2,45,5,0.142857143,5,1,4,0,4.0623,60.5,6.3010302
342.424,4,3,42,7,0.352941176,6,1,1,1,2.3532,80.81,6.3001623
399.923,3,2,47,6,0.333333333,5,1,4,0,2.805,64.52,6.2924299
456.424,4,2,52,10,0.173913043,6,1,5,1,3.6861,90.04,6.2839966
435.585,3,1,62,7,0.47826087,4,4,5,0,1.8251,100.16,6.2757239
415.415,4,1,50,8,0.272727273,4,1,6,1,4.0387,67.92,6.2676063
531.723,5,2,78,10,0.592592593,5,4,9,1,-2.1427,111,6.2596374
445.994,4,2,60,5,0.222222222,4,1,9,0,7.07,53.07,6.2596374
376.847,4,2,44,6,0.095238095,4,2,3,1,3.9697,80.37,6.2596374
422.435,4,2,51,8,0.173913043,5,1,4,1,3.37412,80.81,6.251812
517.637,4,1,76,8,0.551724138,4,3,9,1,3.2739,84.4,6.251812
501.688,5,2,73,7,0.571428571,4,3,5,0,3.0506,83.01,6.251812
441.362,4,2,52,7,0.260869565,4,2,4,0,4.7316,70.14,6.251812
429.993,4,2,55,6,0.47826087,5,1,7,0,3.7762,64.52,6.2441254
536.781,3,0,89,6,0.575757576,3,4,13,2,4.073,95.04,6.2365718
445.53,4,1,63,7,0.48,3,3,9,1,2.4771,75.17,6.2365718
459.557,4,1,66,7,0.5,3,3,9,1,2.6512,75.17,6.2365718
408.505,4,2,55,5,0.076923077,4,2,7,1,4.7634,72.94,6.2291479
452.945,5,3,54,6,0.037037037,5,1,6,0,6.6883,65.96,6.2291479
532.813,4,2,52,7,0.260869565,4,2,4,0,4.6828,70.14,6.2291479
661.814,5,2,95,10,0.447368421,4,4,13,3,3.196,115.35,6.221849
490.465,5,2,62,4,0.321428571,1,1,4,1,4.8734,36.92,6.221849
437.849,4,2,49,9,0.333333333,4,1,2,1,4.4826,67.92,6.2189631
445.574,3,0,67,6,0.5,2,3,8,1,3.3132,65.94,6.2146702
481.476,3,1,60,6,0.47826087,3,2,5,0,2.8268,70.98,6.2146702
403.955,3,2,51,6,0.428571429,5,1,6,0,3.3861,64.52,6.2146702
411.465,4,2,52,7,0.166666667,6,1,4,1,2.9676,104.6,6.2006593
332.363,4,3,41,6,0.105263158,5,1,3,1,2.3719,84.72,6.2006593
389.928,3,2,48,6,0.4,5,1,5,0,2.996,64.52,6.2006593
312.438,3,1,42,4,0.277777778,4,1,3,0,4.029,47.61,6.2006593
413.506,5,3,49,7,0.130434783,7,1,4,0,3.92792,86.28,6.2006593
432.535,3,1,63,7,0.5,3,3,8,1,2.3181,78.83,6.19382
604.812,4,1,94,8,0.472222222,6,4,9,1,4.3681,105.66,6.1752234
460.66,3,1,70,6,0.538461538,4,2,8,0,2.8531,80.21,6.1739254
445.574,3,0,67,6,0.5,2,3,9,1,3.3583,65.94,6.1611509
516.653,4,1,77,8,0.551724138,4,3,9,1,3.0226,78.41,6.154902
349.394,4,2,45,7,0.315789474,6,1,1,1,1.7382,101.54,6.1530447
440.77,3,2,42,7,0.333333333,5,1,4,0,3.1961,64.52,6.1487417
495.612,3,0,67,9,0.48,4,3,9,1,2.1994,100.08,6.1426673
462.561,3,1,67,8,0.52,3,3,9,1,1.8476,92.88,6.1426673
466.443,6,4,53,10,0.208333333,6,2,3,0,1.9659,86.94,6.1307683
406.413,5,2,49,7,0.173913043,6,1,3,0,4.2041,75.3,6.1307683
530.636,4,1,76,9,0.517241379,4,3,9,2,2.5492,95.48,6.124939
396.878,4,2,49,7,0.285714286,5,2,4,0,3.6712,83.28,6.124939
445.53,4,1,63,7,0.48,3,3,9,1,2.1295,75.17,6.1191864
467.449,3,1,57,6,0.454545455,3,2,6,0,2.6527,70.98,6.1191864
385.896,3,2,44,6,0.3,5,1,4,0,2.4149,64.52,6.1191864
358.854,4,2,39,7,0.235294118,5,2,3,1,3.264,80.37,6.1191864
446.562,3,1,66,7,0.52,3,3,9,1,2.6092,78.83,6.1079054
341.842,4,2,44,5,0.368421053,4,1,1,0,3.9146,60.5,6.1029229
453.448,5,3,53,10,0.217391304,6,2,4,0,1.7989,90.6,6.1023731
361.47,4,2,45,5,0.142857143,5,1,4,0,4.0623,60.5,6.1023731
515.739,2,0,86,7,0.7,4,4,14,3,3.9844,107.53,6.09691
499.622,4,0,73,7,0.517241379,3,3,9,1,3.6325,83.01,6.09691
377.375,5,3,44,7,0.142857143,6,1,2,0,3.5905,78.96,6.09691
404.514,4,2,58,6,0.375,5,1,4,1,3.6052,80.28,6.09691
452.945,5,3,54,6,0.037037037,5,1,6,0,6.6883,65.96,6.0915151
473.628,3,0,73,6,0.535714286,2,3,10,1,3.9944,65.94,6.0915151
362.393,3,2,45,8,0.210526316,6,2,3,2,1.24998,124.47,6.0899096
500.61,4,1,72,8,0.5,3,3,9,2,2.9227,86.25,6.0861859
428.921,4,3,48,8,0.285714286,7,1,5,0,3.0886,90.55,6.0861859
551.668,4,1,71,11,0.25,5,3,9,1,3.1974,135.69,6.0851283
554.48,3,1,63,13,0.260869565,5,4,8,2,1.319,138.13,6.0757208
451.957,5,2,55,5,0.035714286,4,1,6,0,7.2933,53.07,6.070581
608.75,4,1,88,9,0.428571429,4,3,10,2,4.5619,95.48,6.0655017
393.491,4,2,56,7,0.409090909,5,2,4,2,2.8397,92.72,6.0655017
727.829,5,1,98,12,0.292682927,7,3,16,2,5.4507,126.71,6.0655017
395.547,6,1,62,5,0.666666667,4,1,6,1,4.0639,67.92,6.0604806
435.539,3,1,64,8,0.565217391,4,3,9,1,1.8682,83.76,6.0604806
677.813,5,2,96,11,0.447368421,5,5,13,3,2.9016,135.58,6.0604806
463.639,3,1,68,7,0.52,4,3,6,0,2.348,97,6.0604806
456.424,4,2,52,10,0.173913043,6,1,5,1,3.6861,90.04,6.0457573
359.376,3,1,45,7,0.263157895,4,1,5,1,2.8807,67.92,6.0457573
406.413,5,2,49,7,0.173913043,6,1,3,0,4.2041,75.3,6.0457573
377.375,5,3,44,7,0.142857143,6,1,2,0,3.5905,78.96,6.0457573
612.65,5,1,72,12,0.193548387,5,3,10,1,3.9463,112.55,6.0409584
564.65,3,0,72,11,0.321428571,4,2,12,1,3.7176,103.35,6.0338583
626.721,4,0,79,11,0.242424242,4,3,12,1,4.57712,103.32,6.031517
485.639,4,0,74,6,0.551724138,2,3,9,1,4.4535,65.94,6.0268722
370.473,3,1,55,6,0.571428571,5,1,8,1,1.9294,98.82,6.0222764
430.956,4,2,59,7,0.47826087,4,3,7,1,2.153,88.06,6.0190883
452.949,5,3,54,7,0.038461538,6,2,6,0,6.0346,81.65,6.0087738
441.502,4,1,59,8,0.333333333,4,3,9,1,1.8113,83.76,6.0087738
271.364,3,1,41,4,0.5,3,1,2,1,2.2489,58.69,6.004365
448.605,3,1,65,7,0.5,5,4,8,0,1.1306,111.44,6.004365
546.66,3,0,72,10,0.321428571,4,2,12,1,3.422,103.35,6.0013046
515.625,4,1,74,9,0.5,3,4,9,3,2.7156,98.28,6
604.762,5,2,88,8,0.444444444,3,3,13,2,4.0814,86.25,6
284.388,3,2,36,5,0.266666667,5,1,2,0,2.8104,64.16,6
433.319,3,1,49,9,0.15,3,4,5,2,1.9276,100.75,5.9956784
357.801,3,2,41,8,0.176470588,5,2,3,2,1.9892,100.68,5.9913998
341.455,4,2,52,5,0.6,4,1,4,1,2.7981,67.92,5.9829664
277.412,3,1,47,4,0.875,3,1,2,1,2.6725,58.69,5.9665761
383.442,4,1,51,6,0.363636364,3,1,4,1,4.0975,58.69,5.9665761
441.964,4,3,52,8,0.318181818,7,1,5,0,2.8341,82.34,5.9625735
385.445,3,1,46,8,0.210526316,7,1,7,0,4.0253,100.51,5.9586072
483.579,4,1,68,7,0.392857143,3,3,9,1,4.0559,79.08,5.9586072
580.652,4,1,78,10,0.3125,6,3,13,1,4.1785,106.4,5.9586072
388.553,3,1,57,5,0.454545455,3,2,6,0,1.8902,70.98,5.9586072
460.66,3,1,70,6,0.538461538,4,2,10,0,2.8168,80.21,5.9586072
550.67,4,1,78,8,0.375,3,3,11,2,3.6173,86.25,5.9586072
472.61,5,3,64,9,0.458333333,3,2,4,0,2.2672,73.74,5.9586072
417.94,4,2,54,5,0.16,4,1,7,0,6.2898,53.07,5.939302
410.832,5,2,45,7,0.136363636,5,1,2,0,4.8489,66.07,5.9318142
358.397,5,2,45,5,0.136363636,5,1,2,0,4.0564,66.07,5.9281182
408.505,5,2,55,5,0.153846154,4,2,6,1,4.7398,72.94,5.9208188
434.578,3,1,62,7,0.47826087,5,4,7,0,1.0881,111.44,5.9208188
576.668,5,3,78,10,0.34375,5,3,9,2,3.4048,104.07,5.9208188
464.583,4,2,63,9,0.47826087,4,2,5,0,1.9328,74.52,5.9208188
399.372,4,2,45,8,0.142857143,5,1,5,0,4.0776,69.73,5.9172144
347.462,4,1,51,4,0.363636364,3,1,4,1,3.8193,58.69,5.9065785
327.359,3,1,42,6,0.222222222,4,1,5,1,2.0652,67.92,5.9065785
759.873,3,0,100,16,0.405405405,8,5,18,4,2.8797,183.24,5.8996296
427.937,4,3,49,8,0.285714286,6,2,5,0,2.8237,93.2,5.8996296
326.403,4,2,43,4,0.095238095,4,1,3,0,3.7814,63.63,5.8860569
321.424,3,1,47,4,0.3,3,1,4,1,3.2217,58.69,5.8860569
516.653,3,1,77,8,0.517241379,3,3,8,2,2.7716,86.25,5.8860564
571.742,4,0,85,8,0.382352941,4,4,12,3,3.474,115.35,5.8860564
516.609,4,1,73,9,0.5,4,3,9,2,2.1591,95.48,5.8860564
502.582,4,1,70,9,0.481481481,4,3,9,2,2.7525,95.48,5.8860564
405.509,2,0,60,6,0.434782609,2,3,8,1,2.434,65.94,5.8860564
469.474,3,0,59,9,0.375,2,3,9,1,3.2011,65.94,5.8860564
448.584,4,2,62,8,0.47826087,3,2,5,0,2.2735,63.08,5.8860564
308.385,4,2,43,5,0.388888889,5,1,1,0,2.6562,73.39,5.8703103
420.513,4,1,59,7,0.375,5,2,5,2,3.5098,97.02,5.8664613
445.376,4,2,47,11,0.142857143,6,1,4,1,3.2116,93.7,5.8664613
544.669,3,0,73,10,0.321428571,5,3,12,1,2.4448,123.58,5.8632793
405.38,3,2,47,10,0.263157895,5,2,3,2,2.3971,100.68,5.8601208
409.468,5,3,51,6,0.12,5,1,3,0,4.30534,77.05,5.8601208
341.499,3,1,56,4,0.619047619,3,1,7,1,4.1994,58.69,5.8569851
445.376,4,2,47,11,0.142857143,6,1,4,1,3.2116,93.7,5.8569851
501.598,4,1,71,9,0.481481481,3,4,9,3,2.3255,98.28,5.8538718
499.447,3,1,59,8,0.454545455,5,3,7,0,2.0221,100.44,5.8538718
332.451,4,2,49,4,0.380952381,4,1,3,0,4.3134,63.63,5.8538718
349.312,3,1,39,8,0.176470588,4,1,3,1,2.6155,67.92,5.8477116
417.455,4,2,54,8,0.363636364,4,2,5,0,2.2944,64.82,5.8446641
442.605,4,2,63,7,0.458333333,4,3,5,0,1.9406,99.66,5.8386321
371.391,4,2,46,8,0.368421053,5,1,1,1,2.6473,84.47,5.8259401
724.827,4,0,93,14,0.297297297,8,4,17,2,4.9071,146.3,5.8239088
742.817,4,0,93,15,0.297297297,8,4,17,2,5.0462,146.3,5.8239088
701.789,5,2,90,14,0.4,9,2,15,1,4.4303,128.56,5.8239088
543.688,4,1,79,8,0.3125,5,3,12,2,3.4254,100.41,5.8239088
526.658,5,3,70,10,0.407407407,5,1,6,0,2.9805,80.07,5.8239088
385.471,4,2,52,6,0.217391304,6,1,4,0,3.80184,85.75,5.8239088
410.832,5,2,45,7,0.136363636,5,1,2,0,4.8489,66.07,5.8068752
464.577,3,1,69,8,0.6,4,3,8,1,3.0814,91.97,5.801343
483.583,4,1,68,8,0.407407407,4,3,9,1,2.9816,83.76,5.7958798
514.637,4,2,75,8,0.517241379,3,3,10,2,2.4685,86.25,5.7958798
454.975,4,2,56,9,0.428571429,3,2,3,0,2.1875,65.29,5.7958798
451.603,3,1,64,7,0.541666667,3,3,9,1,3.2757,65.94,5.7904849
402.58,3,1,60,5,0.47826087,3,2,5,0,2.0643,70.98,5.7904849
431.967,4,2,57,5,0.192307692,4,1,8,0,6.6799,53.07,5.782516
372.424,5,2,48,5,0.173913043,5,1,2,0,4.36482,66.07,5.7772837
459.557,4,1,66,7,0.5,3,3,9,1,2.8672,75.17,5.7695513
481.554,3,0,67,8,0.5,2,3,10,1,3.4143,65.94,5.7695513
501.047,5,2,62,8,0.307692308,2,2,4,0,3.8067,53.85,5.7695513
476.638,4,2,68,8,0.52,3,1,6,0,3.0058,54.29,5.7695513
515.631,5,3,68,10,0.423076923,5,1,6,0,3.1785,80.32,5.7695513
365.433,4,2,50,6,0.333333333,5,1,2,1,2.9053,77.15,5.7695513
461.373,3,1,55,9,0.227272727,3,4,6,2,2.5637,100.75,5.7644715
451.603,3,1,64,7,0.541666667,3,3,9,1,3.4198,65.94,5.7594509
410.521,4,2,57,5,0.153846154,4,2,6,1,4.9858,72.94,5.7495799
372.424,5,2,48,5,0.173913043,5,1,2,0,4.36482,66.07,5.7495799
720.836,4,1,96,15,0.485714286,10,2,19,1,4.0166,139.76,5.7447276
404.552,3,1,58,6,0.454545455,4,3,6,0,1.5958,91.21,5.7447276
552.652,4,1,70,11,0.25,6,2,9,1,3.4623,133.04,5.7375488
463.593,3,1,70,8,0.6,4,3,8,1,2.7474,83.76,5.7351823
438.96,4,3,51,7,0.260869565,6,1,5,0,3.4956,77.41,5.7328281
703.805,4,0,92,14,0.428571429,8,3,18,2,4.2216,143.5,5.7304869
470.584,5,1,68,7,0.518518519,3,3,9,1,2.6143,69.18,5.7212462
688.888,3,1,100,13,0.571428571,8,4,13,3,3.4041,163.37,5.7212462
325.387,4,2,44,5,0.368421053,4,1,1,0,3.4003,60.5,5.7194219
396.849,4,1,46,6,0.136363636,4,1,4,0,4.7432,56.84,5.7099652
378.411,4,3,47,8,0.2,6,1,4,1,2.1344,89.4,5.7077441
357.91,4,2,44,5,0.368421053,4,1,1,0,4.6312,51.27,5.7002749
670.818,3,0,98,11,0.459459459,6,3,20,2,3.9051,113.94,5.6989698
312.438,3,1,42,4,0.277777778,4,1,3,0,3.6814,47.61,5.6989698
312.438,3,1,42,4,0.277777778,4,1,3,0,4.029,47.61,5.6989698
392.842,5,2,45,6,0.136363636,5,1,2,0,4.7098,66.07,5.6946487
330.775,3,2,38,7,0.1875,5,2,3,1,2.5474,89.6,5.6946487
689.778,3,0,89,14,0.352941176,8,3,18,2,3.9976,143.5,5.6925039
552.652,4,1,70,11,0.25,6,2,9,1,3.4623,133.04,5.6861329
378.859,4,1,46,5,0.136363636,4,1,4,0,4.6041,56.84,5.6861329
509.739,4,1,84,7,0.7,3,4,11,3,5.83207,97.32,5.6777806
487.655,3,0,76,6,0.551724138,2,3,9,1,4.3845,65.94,5.6777806
385.471,4,2,52,6,0.217391304,6,1,5,0,3.8211,85.75,5.6777806
393.83,5,3,44,7,0.142857143,6,1,2,0,4.1048,78.96,5.6757174
531.699,5,3,68,10,0.423076923,5,1,6,0,3.647,67.18,5.6575775
299.761,3,1,35,5,0.125,3,1,2,1,2.3703,58.69,5.6478176
396.494,4,2,54,5,0.12,4,2,6,1,4.5973,72.94,5.6478176
446.633,3,1,67,6,0.52,4,2,9,0,2.679,80.21,5.6382723
490.665,4,2,71,8,0.538461538,3,1,6,0,3.3943,54.29,5.6382723
618.86,1,0,102,10,0.705882353,6,5,17,4,4.3435,145.86,5.6363878
336.395,4,3,45,6,0.315789474,5,1,1,1,2.2917,80.81,5.6265364
471.528,4,2,63,9,0.36,5,3,9,1,1.4378,92.99,5.6197886
472.556,5,2,66,8,0.5,4,3,9,1,1.6031,78.41,5.6197886
475.604,3,1,71,8,0.576923077,4,3,8,1,2.8834,91.72,5.6143937
401.939,4,2,49,6,0.428571429,5,1,5,0,3.311,64.52,5.6143937
389.886,4,2,48,5,0.086956522,4,1,5,0,5.5096,53.07,5.6108341
299.761,3,1,35,5,0.125,3,1,2,1,2.3703,58.69,5.6020598
454.27,4,2,45,9,0.263157895,4,2,3,0,2.1044,64.82,5.5850267
341.418,4,2,45,5,0.142857143,5,1,4,0,3.3708,76.52,5.5850267
599.685,2,0,84,13,0.5,8,4,16,3,3.5343,193.81,5.5783958
266.304,3,2,34,5,0.133333333,4,1,2,1,1.1119,71.58,5.5718651
527.75,3,0,87,7,0.709677419,4,4,13,3,4.2726,107.53,5.5686364
406.917,4,2,52,6,0.260869565,4,2,4,0,4.0782,70.14,5.5670309
441.617,4,2,64,6,0.44,3,3,5,0,2.5456,86.77,5.5606675
442.393,5,2,49,9,0.173913043,6,1,3,0,4.955,75.3,5.5590911
497.475,3,1,61,7,0.47826087,4,2,7,0,2.6613,80.21,5.5528421
355.845,3,1,45,5,0.3,4,1,4,0,2.3721,64.52,5.5466819
356.47,3,1,54,6,0.55,4,2,5,2,2.9875,87.79,5.545155
393.487,4,2,56,6,0.391304348,5,1,3,1,3.6839,77.15,5.5430269
361.874,3,2,42,6,0.333333333,5,1,4,0,2.4336,64.52,5.5376019
359.473,4,1,52,4,0.304347826,3,1,4,1,3.896,58.69,5.5376019
483.701,3,1,80,7,0.678571429,3,4,12,3,5.29787,97.32,5.5228786
410.521,4,2,57,5,0.153846154,4,2,7,1,4.9874,72.94,5.5228786
424.548,4,2,60,5,0.185185185,4,2,8,1,5.3775,72.94,5.5228786
422.485,4,3,49,8,0.181818182,6,1,5,1,3.5722,88.65,5.5228786
363.461,4,2,52,5,0.363636364,5,1,4,0,3.7733,69.2,5.5228786
452.591,3,1,63,8,0.565217391,4,3,9,1,2.6707,78.83,5.5157003
295.342,3,1,39,5,0.176470588,4,1,3,1,1.7255,67.92,5.5086384
564.728,4,1,78,9,0.322580645,6,3,14,1,3.0935,114.24,5.5086384
722.905,4,1,101,13,0.447368421,8,4,11,3,4.0344,163.37,5.5086384
525.67,5,3,71,9,0.392857143,4,1,6,0,3.5855,67.18,5.5086384
296.37,3,1,42,4,0.277777778,4,1,3,0,2.9648,56.84,5.4948502
373.456,4,2,51,5,0.217391304,5,1,5,0,3.7767,69.73,5.4948502
424.859,5,2,48,7,0.173913043,5,1,2,0,5.15732,66.07,5.493495
372.812,4,3,43,8,0.277777778,6,2,3,1,2.3164,98.83,5.4814858
363.461,4,1,52,5,0.363636364,4,1,4,1,3.4012,67.92,5.4814858
395.894,4,2,50,7,0.285714286,4,3,4,0,3.4063,85.93,5.4723701
435.272,4,2,44,8,0.263157895,5,1,3,0,3.379,63.21,5.4699998
265.316,3,1,35,4,0.125,3,1,2,1,1.7169,58.69,5.4685211
422.532,5,2,58,5,0.185185185,4,2,6,1,5.1299,72.94,5.4685211
295.342,3,1,39,5,0.176470588,4,1,3,1,1.7255,67.92,5.4596705
626.721,4,0,79,11,0.242424242,4,3,12,1,4.57712,103.32,5.4596705
293.37,3,1,41,4,0.222222222,4,1,3,0,3.3666,59.97,5.4559321
867.988,4,0,113,17,0.363636364,8,5,20,4,5.1502,183.24,5.4436975
613.682,4,1,75,12,0.225806452,5,3,12,1,3.6637,116.21,5.4400935
692.879,4,1,97,12,0.432432432,7,4,10,3,4.0258,154.14,5.4317985
648.723,2,0,89,13,0.484848485,6,4,16,3,5.0445,150.67,5.421361
614.74,2,0,90,12,0.53125,8,4,17,3,3.6433,169.13,5.419075
378.382,4,2,44,7,0.095238095,4,1,3,1,3.0571,71.58,5.419075
359.385,5,3,44,6,0.142857143,6,1,2,0,3.4514,78.96,5.4089355
502.722,0,0,80,10,0.833333333,6,5,17,4,1.5832,136.63,5.3979402
461.529,4,1,64,8,0.48,4,3,9,1,1.7135,84.4,5.3979402
491.633,5,2,66,7,0.321428571,4,1,5,1,2.634,80.29,5.3979402
375.536,5,2,59,3,0.48,1,1,2,1,2.8601,36.92,5.3979402
525.67,5,3,71,9,0.392857143,4,1,6,0,3.5855,67.18,5.3979402
324.403,4,3,45,5,0.368421053,4,1,2,0,3.2857,54.51,5.3979402
358.854,4,2,39,7,0.235294118,5,2,2,1,3.1903,80.37,5.3979402
361.489,4,1,54,4,0.391304348,3,1,5,1,3.5108,58.69,5.3979402
465.63,3,1,67,7,0.56,3,3,9,1,3.9808,65.94,5.3968558
522.754,3,0,86,6,0.5625,3,4,12,2,3.6829,95.04,5.3767509
510.257,3,1,49,9,0.368421053,4,3,5,0,2.5417,91.21,5.3767509
335.407,3,1,46,5,0.2,5,1,5,0,2.8233,70.14,5.3767509
623.578,2,0,82,12,0.5,6,4,15,3,4.9329,150.67,5.3726339
484.436,3,2,57,8,0.476190476,5,3,6,0,1.7533,104.1,5.3665314
447.571,3,1,60,7,0.458333333,3,3,8,1,2.8387,65.94,5.3649187
464.577,3,1,69,8,0.6,4,3,8,1,3.0814,91.97,5.3509574
613.682,4,1,75,12,0.225806452,5,3,12,1,3.6637,116.21,5.3400836
559.751,3,0,86,7,0.441176471,4,4,14,3,4.8711,107.53,5.3306832
475.624,3,1,73,7,0.518518519,2,4,8,1,1.4865,82.55,5.3279023
392.842,5,2,45,6,0.136363636,5,1,2,0,4.7098,66.07,5.3115802
422.496,3,1,60,8,0.545454545,4,3,8,1,1.9111,91.97,5.309804
556.727,4,1,83,7,0.352941176,4,4,7,2,3.78892,104.27,5.309804
427.593,3,1,68,7,0.625,3,4,9,3,3.88157,97.32,5.3010302
442.393,5,2,49,9,0.173913043,6,1,3,0,4.955,75.3,5.2958493
325.415,4,2,44,3,0.045454545,3,1,4,0,4.8476,43.84,5.2839966
401.554,4,1,61,4,0.384615385,3,1,5,1,5.51612,59.22,5.2839966
396.511,4,2,59,6,0.47826087,4,3,7,1,1.4996,88.06,5.2773662
381.503,5,2,54,4,0.2,3,2,4,0,2.0341,55.59,5.2757239
521.682,4,1,79,8,0.5,4,4,11,3,1.9162,115.35,5.2757239
533.671,3,1,74,11,0.461538462,6,4,7,2,0.2356,141.65,5.2757239
335.427,3,1,48,4,0.333333333,4,1,4,0,2.02712,64.52,5.2668028
607.797,4,0,86,10,0.393939394,5,5,14,2,2.7313,141.21,5.2596374
368.393,3,1,47,8,0.210526316,6,2,7,0,3.2919,116.3,5.2441254
541.669,3,0,72,10,0.285714286,4,3,10,2,2.572,123.22,5.2426038
325.387,4,2,44,5,0.368421053,4,1,1,0,3.4003,60.5,5.2335873
443.568,5,3,59,8,0.391304348,2,2,3,0,2.3098,60.85,5.2146702
339.464,4,2,45,5,0.368421053,4,1,3,1,3.4541,58.69,5.2146702
442.53,3,0,62,7,0.44,3,3,8,1,2.66758,89.73,5.2076082
508.704,4,1,74,6,0.4,4,3,8,0,3.49502,91.21,5.2076082
336.395,4,3,45,6,0.315789474,5,1,1,1,2.2917,80.81,5.2027326
529.705,4,0,80,7,0.375,4,5,12,2,3.533,107.07,5.2006593
300.789,3,1,38,4,0.235294118,3,1,2,0,3.9572,47.61,5.2006593
461.583,4,2,62,9,0.434782609,3,2,4,1,1.7869,74.16,5.19382
725.811,4,0,92,14,0.297297297,8,3,17,2,4.874,143.5,5.1870866
558.703,4,2,81,9,0.34375,6,3,13,2,3.2105,113.3,5.1870866
305.381,3,1,42,4,0.157894737,4,1,4,0,2.8147,60.91,5.1870866
552.524,3,0,73,7,0.535714286,2,3,8,1,4.8559,65.94,5.1611509
509.691,2,0,80,7,0.5,4,4,14,3,3.7179,107.53,5.1592669
372.424,5,2,48,5,0.173913043,5,1,2,0,4.36482,66.07,5.1536627
352.398,3,2,46,8,0.277777778,6,2,3,2,1.08172,113.57,5.1500282
411.529,5,2,58,5,0.230769231,4,2,5,0,2.0427,64.82,5.1487417
365.433,4,2,50,6,0.333333333,5,1,2,1,2.9053,77.15,5.1428485
456.977,5,2,58,6,0.222222222,4,2,4,0,5.2314,70.14,5.1408615
345.402,4,2,45,5,0.142857143,5,1,4,0,3.3457,69.73,5.1272612
363.461,4,1,52,5,0.363636364,4,1,4,1,3.4012,67.92,5.124939
339.464,4,2,45,5,0.368421053,4,1,3,1,3.4541,58.69,5.124939
484.571,4,1,67,9,0.423076923,5,3,9,1,2.3766,96.65,5.1135092
372.469,3,1,55,7,0.55,5,2,6,2,2.2239,97.02,5.1045775
593.77,4,0,83,10,0.375,5,5,13,2,2.5902,141.21,5.1023731
298.411,3,1,39,4,0.235294118,4,1,3,0,3.6389,47.61,5.1023731
344.418,4,2,46,5,0.19047619,5,1,4,0,3.5468,73.39,5.1023731
553.7,3,1,83,9,0.516129032,6,4,14,3,3.4466,125.99,5.0931263
625.812,4,1,89,11,0.454545455,6,4,15,2,2.2881,141.65,5.0915151
399.493,5,2,54,5,0.2,3,2,4,0,2.1732,55.59,5.0861859
363.392,4,2,45,6,0.142857143,5,1,4,0,3.4848,69.73,5.0861859
391.515,4,1,58,5,0.416666667,4,1,6,1,4.1814,67.92,5.0757208
342.443,4,3,51,6,0.578947368,5,1,1,1,2.22,71.16,5.0624318
376.267,3,1,42,7,0.111111111,2,3,4,1,1.9692,71.65,5.057992
312.398,3,2,38,6,0.1875,5,2,3,1,2.6106,80.37,5.0467238
619.783,4,1,92,10,0.457142857,7,4,15,2,2.4999,133.81,5.0457573
377.513,4,1,50,5,0.272727273,5,1,5,0,4.4126,60.91,5.0409584
333.435,4,1,48,4,0.333333333,3,1,3,1,3.3926,58.69,5.031517
452.591,3,1,63,8,0.565217391,4,3,9,1,2.6707,78.83,5.0287242
611.785,4,1,86,11,0.4375,6,4,14,2,1.898,141.65,5.0222764
434.557,4,2,59,8,0.454545455,3,2,5,0,1.885,63.08,5.0222764
440.77,3,2,42,7,0.333333333,5,1,4,0,3.1961,64.52,5.0222764
475.624,3,1,73,7,0.518518519,2,4,8,1,1.4865,82.55,5
517.681,3,0,80,7,0.566666667,3,4,10,1,3.7019,86.17,5
628.756,4,1,90,10,0.457142857,5,4,7,1,5.284,96.43,5
649.713,3,0,82,14,0.35483871,8,4,15,2,2.7873,154.5,5
663.74,3,0,85,14,0.375,8,3,16,2,3.4414,143.5,5
757.828,4,0,95,15,0.315789474,8,3,18,2,5.1509,143.5,5
769.864,4,0,99,15,0.333333333,9,3,19,2,5.0204,152.73,5
739.862,4,0,97,14,0.315789474,7,4,18,2,3.5586,150.88,5
700.805,4,0,91,14,0.4,7,4,16,3,3.8325,154.14,5
499.666,4,0,77,6,0.566666667,2,3,9,1,4.8436,65.94,5
417.52,3,0,61,6,0.458333333,2,3,8,1,2.7959,65.94,5
650.798,4,1,88,12,0.382352941,7,4,8,3,2.9996,154.14,5
690.86,3,1,98,14,0.558823529,9,4,13,3,2.598,172.6,5
689.916,3,1,103,12,0.611111111,8,3,13,2,4.2334,143.5,5
455.372,2,1,47,14,0.6,5,3,4,0,0.8384,117.26,5
581.571,3,1,70,15,0.739130435,6,3,8,0,2.3635,115.46,5
438.548,3,1,64,7,0.36,4,4,5,2,0.92422,104.27,5
296.37,3,1,42,4,0.277777778,4,1,3,0,3.3124,56.84,5
529.617,2,1,72,12,0.739130435,6,3,11,0,1.7831,107.62,5
544.693,3,0,75,10,0.321428571,4,4,12,1,0.9916,130.96,4.9956784
514.643,3,0,69,9,0.296296296,4,2,11,1,3.0823,103.35,4.9956784
361.445,4,1,50,5,0.272727273,5,1,5,0,3.6993,70.14,4.9913998
360.373,5,3,43,7,0.15,7,1,2,0,2.8464,91.85,4.9829664
342.786,4,2,39,7,0.235294118,5,2,2,1,2.4737,89.6,4.9673815
557.668,3,0,73,11,0.285714286,5,4,11,2,1.658,143.45,4.9665761
625.812,4,1,89,11,0.454545455,6,4,14,2,2.144,141.65,4.9586072
474.622,5,2,66,8,0.52,3,2,5,0,2.8077,63.08,4.9586072
359.473,4,1,52,4,0.304347826,4,1,5,0,4.2531,60.91,4.9586072
462.611,4,2,65,8,0.5,3,2,6,0,2.5211,63.08,4.9507818
346.39,4,2,44,6,0.15,6,1,4,0,2.7407,82.62,4.9430952
334.423,4,2,47,5,0.35,4,1,3,1,2.7876,71.58,4.9281178
349.394,4,2,45,7,0.263157895,7,1,4,0,2.0992,95.92,4.8996296
608.781,4,0,85,10,0.393939394,6,4,14,2,2.6982,138.41,4.8860564
264.332,3,2,36,4,0.1875,4,1,2,0,2.753,63.63,4.8860564
346.789,4,2,40,6,0.277777778,4,1,2,0,3.4752,56.84,4.8827286
375.472,4,1,53,5,0.304347826,5,1,6,0,4.0894,70.14,4.8538718
323.421,4,2,40,5,0.222222222,5,1,3,0,3.3621,60.91,4.850781
347.418,4,1,47,5,0.238095238,5,1,4,0,3.3092,70.14,4.8446641
597.758,4,1,83,11,0.419354839,6,4,13,2,1.5079,141.65,4.8268137
363.486,4,1,47,5,0.238095238,5,1,4,0,4.0225,60.91,4.8268137
591.729,4,1,86,10,0.424242424,7,4,14,2,1.7213,133.81,4.8181562
605.756,4,1,89,10,0.441176471,7,4,15,2,2.1114,133.81,4.8096681
554.688,2,0,82,10,0.5,6,4,15,3,3.6261,150.67,4.8032713
324.403,4,3,45,5,0.368421053,4,1,2,0,3.2857,54.51,4.7958798
595.786,4,1,85,10,0.4375,5,4,12,2,2.1373,132.42,4.7931743
590.741,4,1,87,9,0.441176471,7,3,14,1,2.6052,121.78,4.7931743
609.813,4,1,88,10,0.454545455,5,4,13,2,2.5274,132.42,4.7904849
551.668,4,1,71,11,0.25,6,2,9,1,2.993,124.83,4.7878122
390.487,4,1,55,6,0.347826087,4,2,4,2,3.351,87.79,4.779892
355.445,4,2,48,5,0.181818182,5,1,4,0,3.8125,76.52,4.7447276
257.337,3,1,38,4,0.466666667,3,1,2,1,1.7256,58.69,4.7447276
557.668,3,0,73,11,0.285714286,5,4,11,2,1.5444,143.45,4.7423215
414.367,4,2,52,4,0.409090909,1,1,3,1,3.1321,36.92,4.7212462
335.471,4,2,52,3,0.409090909,1,1,3,1,2.3696,36.92,4.7212462
603.726,2,0,87,10,0.484848485,4,4,15,3,5.1363,107.53,4.7090755
308.179,2,1,32,5,0.230769231,4,1,3,0,1.9102,60.91,4.7033348
323.396,3,1,45,5,0.263157895,4,1,3,1,2.7542,67.92,4.6989698
321.404,4,2,45,5,0.263157895,4,2,3,0,0.4519,64.82,4.6925039
356.429,4,1,47,5,0.227272727,5,1,4,0,3.36668,84.7,4.6861329
363.461,4,1,52,5,0.363636364,4,2,4,1,2.8849,78.92,4.6819367
390.504,4,2,52,7,0.4,2,2,3,0,1.4863,53.85,4.6798539
659.829,5,1,90,11,0.333333333,6,4,14,2,2.6556,141.65,4.6695862
359.375,4,2,44,7,0.263157895,3,2,2,0,1.4621,55.59,4.6595559
542.697,3,0,75,9,0.344827586,4,2,12,1,3.8625,103.35,4.6575775
558.652,3,0,72,11,0.285714286,6,3,11,1,2.085,140.65,4.6536469
542.697,3,0,75,9,0.344827586,4,3,12,1,3.2509,114.35,4.6497521
448.584,4,2,62,8,0.47826087,3,2,6,0,2.2751,63.08,4.6363878
620.811,3,1,95,9,0.472222222,7,3,16,1,3.6675,121.78,4.6345119
345.446,4,1,49,4,0.272727273,4,1,4,0,3.863,60.91,4.6345119
363.461,4,1,52,5,0.363636364,4,1,4,1,3.4012,67.92,4.6326442
361.445,4,1,50,5,0.272727273,5,1,5,0,3.447,70.14,4.6143937
361.445,4,1,50,5,0.272727273,5,2,5,0,2.8354,81.14,4.6108341
570.751,3,1,89,9,0.59375,7,3,14,1,2.5936,121.78,4.6090651
557.644,3,0,71,11,0.285714286,6,4,11,2,2.4084,136.04,4.6038008
274.389,3,1,37,4,0.4,4,1,3,0,3.594,48.14,4.6020598
317.392,4,1,43,4,0.2,4,1,3,0,3.3006,60.91,4.5917602
578.73,3,1,86,9,0.424242424,7,3,14,1,2.4972,121.78,4.5833597
565.686,3,1,81,9,0.40625,7,3,12,1,4.3663,107.97,4.5783958
605.776,3,1,91,9,0.457142857,8,3,15,1,5.016,117.2,4.5751185
344.817,4,1,42,5,0.315789474,3,1,2,0,4.6289,47.61,4.5751185
604.768,4,1,90,9,0.457142857,7,3,15,1,2.9969,121.78,4.5702477
593.74,3,1,87,9,0.441176471,7,3,14,1,5.1465,107.97,4.5670309
321.4,3,1,45,4,0.3,4,1,4,0,1.7187,64.52,4.5654311
356.357,4,3,43,8,0.277777778,6,2,3,1,1.8021,98.83,4.5638375
617.811,4,1,94,9,0.472222222,6,3,14,2,2.9105,115.79,4.5497508
631.794,5,2,93,10,0.472222222,7,3,13,2,1.9025,125.02,4.5466819
512.671,3,1,79,8,0.551724138,6,3,12,1,1.8409,112.55,4.5331326
551.659,3,1,78,9,0.387096774,7,3,12,1,3.9762,107.97,4.5331326
402.268,4,2,43,6,0.263157895,3,2,3,1,1.7181,72.01,4.5301781
617.811,4,1,94,9,0.472222222,6,4,16,2,3.1293,124.58,4.5287085
568.72,4,1,70,11,0.25,6,2,9,1,3.9308,119.9,4.5243287
423.549,3,1,58,7,0.5,3,3,8,1,2.8574,65.94,4.5228786
371.828,3,2,44,8,0.222222222,5,2,3,2,2.0317,100.68,4.5228786
371.828,3,2,44,8,0.222222222,5,2,3,2,2.0317,100.68,4.5228786
389.818,3,2,44,9,0.222222222,5,2,3,2,2.1708,100.68,4.5228786
347.486,4,2,53,4,0.363636364,3,2,2,0,1.7408,55.59,4.5199928
635.802,3,1,95,10,0.472222222,9,3,15,1,4.9885,126.43,4.5171266
682.862,4,1,100,10,0.375,8,4,17,2,5.5242,129.23,4.5058455
542.697,3,1,83,9,0.566666667,7,3,12,1,1.8134,121.78,4.4962091
310.422,3,1,40,4,0.166666667,4,1,5,0,4.1085,48.14,4.4948502
589.757,4,1,88,9,0.441176471,6,4,14,2,2.3491,124.58,4.4841261
540.725,3,1,85,8,0.580645161,6,3,14,1,2.6211,112.55,4.4801722
317.392,4,1,43,4,0.3,4,1,2,0,3.70808,71.4,4.4685211
387.483,5,1,54,5,0.333333333,5,1,6,0,4.0894,70.14,4.4672456
583.753,5,2,86,8,0.371428571,5,3,12,2,3.9973,100.41,4.4559321
294.358,4,2,40,5,0.352941176,5,1,2,0,2.6264,73.39,4.4522252
324.38,4,2,44,5,0.315789474,5,1,3,0,2.6913,66.07,4.4306259
278.808,3,1,33,4,0.357142857,3,1,2,0,4.2388,38.91,4.4202166
500.663,4,1,75,6,0.322580645,4,3,13,1,3.9156,80.1,4.4202166
322.408,4,1,46,4,0.35,4,1,3,0,3.845,56.84,4.4202166
342.355,4,3,43,8,0.352941176,7,2,3,1,1.56442,111.97,4.4179368
589.757,4,1,88,9,0.441176471,6,3,13,2,2.1319,115.79,4.4078231
331.419,4,1,46,4,0.238095238,4,1,3,0,3.60902,60.91,4.4045038
621.824,4,0,89,10,0.411764706,5,4,14,2,2.6101,132.42,4.3872161
372.881,4,2,42,7,0.277777778,5,2,3,1,3.6541,80.37,4.3851027
422.496,3,1,60,8,0.545454545,4,3,8,1,1.9111,91.97,4.3677454
592.782,4,0,84,9,0.393939394,5,4,13,2,2.7633,129.18,4.3565474
367.493,6,1,56,5,0.636363636,4,1,3,1,3.20202,67.92,4.3467875
329.787,4,3,39,6,0.294117647,5,1,2,0,2.7311,69.73,4.3391347
319.364,4,2,41,5,0.263157895,5,1,2,0,2.55438,80.63,4.3334818
323.421,4,2,40,5,0.222222222,5,1,3,0,3.3621,60.91,4.3325472
311.36,4,2,41,5,0.333333333,4,1,2,0,3.3705,60.5,4.3306832
416.339,4,2,50,5,0.380952381,2,1,3,1,2.326,46.15,4.3279023
477.653,3,1,74,7,0.464285714,3,4,12,3,4.57017,97.32,4.3010302
592.782,4,0,84,9,0.393939394,5,4,13,2,2.7633,129.18,4.3010302
337.448,4,2,43,5,0.263157895,5,1,3,0,3.67052,60.91,4.294992
348.406,4,2,46,6,0.25,6,1,4,0,2.7042,83.03,4.273273
402.901,3,1,52,7,0.333333333,4,2,7,1,4.7047,72.94,4.2676063
375.472,4,1,53,5,0.304347826,5,1,5,0,4.0878,70.14,4.2676063
414.367,4,2,52,4,0.409090909,1,1,3,1,3.4797,36.92,4.2441254
362.905,3,1,52,6,0.578947368,4,1,6,1,4.0908,64.15,4.2291479
307.353,4,2,40,5,0.222222222,5,1,3,0,2.8936,74.05,4.2291479
360.417,4,1,47,6,0.19047619,5,2,4,1,2.3995,104,4.2225733
441.367,3,1,49,7,0.368421053,4,3,5,0,1.2349,91.21,4.1804562
374.444,4,1,50,6,0.227272727,5,2,4,1,3.259,90.01,4.154902
544.669,3,0,73,10,0.321428571,5,3,12,1,2.6971,123.58,4.1518106
356.857,3,1,46,6,0.263157895,4,2,6,1,3.9295,72.94,4.1426673
430.939,5,3,54,6,0.24,5,1,4,0,5.5311,63.31,4.1325326
424.929,2,1,58,9,0.55,7,2,8,1,3.086,108.47,4.124939
348.878,3,1,49,6,0.555555556,4,2,6,1,3.7486,72.94,4.0809221
358.418,4,3,50,7,0.526315789,4,2,2,2,-0.2337,92.32,4.0772743
409.894,2,1,54,9,0.526315789,7,2,8,1,1.6629,122.3,4.0604806
350.894,2,1,51,6,0.555555556,4,2,6,1,4.1655,72.94,4.0222764
420.53,4,2,56,8,0.428571429,3,2,4,0,1.4949,63.08,4.0030508
572.679,3,0,75,11,0.310344828,6,3,12,1,2.0363,129.62,4
543.685,3,0,74,10,0.321428571,5,4,12,1,2.7302,126.38,4
560.737,3,0,73,10,0.321428571,5,3,12,1,3.4104,114.35,4
592.735,3,0,75,12,0.321428571,6,3,12,1,2.092,148.49,4
558.696,3,0,76,10,0.344827586,5,2,13,1,3.0989,112.58,4
571.678,4,2,79,10,0.3125,7,3,12,3,3.8769,125.79,4
607.733,4,2,80,12,0.322580645,8,3,13,2,3.4254,142.86,4
478.617,4,2,71,8,0.444444444,5,3,11,2,2.1641,104.07,4
351.242,2,1,36,7,0.5,4,3,2,0,-0.2868,102.24,4
292.386,3,2,42,4,0.277777778,4,1,3,0,3.3891,63.63,4
348.406,4,2,46,6,0.25,6,1,4,0,2.7042,83.03,3.9355421
331.419,4,1,46,4,0.238095238,4,1,3,0,3.60902,60.91,3.924453
257.337,3,1,38,4,0.466666667,3,1,2,1,1.7256,58.69,3.879426
390.918,4,2,51,5,0.260869565,4,1,4,0,4.7849,50.17,3.8629625
464.577,3,1,69,8,0.6,4,3,8,1,3.0814,91.97,3.8607507
415.429,2,1,50,11,0.625,5,3,6,0,0.2564,109.42,3.8239088
337.448,4,2,43,5,0.263157895,5,1,3,0,3.67052,60.91,3.782516
229.283,2,1,32,4,0.230769231,4,1,3,0,1.1477,60.91,3.7670038
380.879,4,2,48,6,0.285714286,5,1,4,0,4.3779,63.31,3.7330632
294.786,2,1,39,6,0.428571429,4,2,5,1,2.5767,72.94,3.7144427
374.847,3,1,46,7,0.263157895,4,1,6,1,3.8498,64.15,3.7121983
305.381,3,1,42,4,0.157894737,4,1,4,0,2.8147,60.91,3.6989701
338.367,4,3,43,7,0.277777778,6,2,3,1,1.663,98.83,3.6989701
295.18,3,1,32,4,0.461538462,3,1,1,0,2.9319,47.61,3.6989701
336.395,4,2,45,6,0.315789474,5,2,3,1,2.8167,89.6,3.6989701
245.326,2,1,37,4,0.428571429,3,1,3,1,1.5547,58.69,3.6989701
244.363,3,1,33,3,0.357142857,3,1,2,0,3.5854,38.91,3.6635404
385.899,3,2,51,7,0.35,5,2,7,1,3.9606,85.83,3.6289322
320.824,3,1,43,6,0.5,4,2,6,1,3.1393,72.94,3.6143937
336.867,2,1,48,6,0.529411765,4,2,6,1,3.7738,72.94,3.6090648
360.82,3,1,43,7,0.222222222,4,2,6,1,3.5076,72.94,3.6038005
404.945,4,2,54,5,0.291666667,4,1,4,0,5.09332,50.17,3.6020601
374.847,3,1,46,7,0.263157895,4,2,6,1,4.0686,72.94,3.5783961
364.901,3,2,52,7,0.555555556,4,3,7,1,1.7027,89.55,3.5686362
350.874,3,2,49,7,0.529411765,4,3,5,1,0.8454,77.38,3.4881167
394.906,4,2,51,6,0.318181818,5,1,4,0,4.68632,63.31,3.4689045
374.847,3,1,46,7,0.263157895,4,2,6,1,4.0686,72.94,3.4685211
376.932,3,1,55,6,0.6,4,1,6,1,4.6518,64.15,3.4259686
343.818,3,2,42,7,0.235294118,5,2,6,1,2.7635,85.83,3.3705904
380.9,3,2,53,8,0.555555556,5,3,7,1,0.6444,86.61,3.3565474
350.874,3,2,49,7,0.529411765,4,3,7,1,1.1417,89.55,3.352617
346.438,4,2,48,6,0.3,5,2,4,0,2.8546,78.85,3.1947711
308.813,2,1,42,6,0.466666667,4,2,5,1,3.1377,72.94,3.1580153
167.599,2,1,17,4,0,2,2,0,0,1.7985,54.7,3.1360826
366.873,3,2,50,8,0.529411765,5,3,7,1,0.0834,86.61,3.0824945
364.877,3,2,50,7,0.555555556,5,2,6,1,3.1559,82.17,3
357.845,3,2,45,7,0.277777778,5,2,6,1,3.3245,85.83,3
320.19,3,1,33,5,0.285714286,4,1,2,0,2.3961,60.91,2.9531147
317.392,4,1,43,4,0.2,4,1,3,0,3.3006,60.91,2.7332981
306.797,3,1,40,6,0.466666667,4,2,6,1,2.5783,72.94,2.5445461
